NearRank,RouteName,StartTime,EndTime,StartTimeUTC,EndTimeUTC,Total_Miles,Total_Minutes,To_ID,From_ID,RouteLayerItemID,RouteLayerItemURL,From_GEO_ID,From_STATE,From_COUNTY,From_TRACT,From_BLKGRP,From_Name,From_LSAD,From_CENSUSAREA,From_Shape__Area,From_Shape__Length,From_ORIG_FID,To_geoid,To_hos_address,To_hos_coordinates
1,4 - Location 2,2020-07-29 03:31:53,2020-07-29 03:44:52,2020-07-29 10:31:53,2020-07-29 10:44:52,11.03523321,12.98652983,2,1,,,1500000US060250121004,6,25,12100,4,4,BG,0.403,,,1,6025011700.0,"1415 Ross Ave, El Centro, CA 92243",X:  -115.56864 Y: 32.781487
2,4 - Location 1,2020-07-29 03:31:53,2020-07-29 03:58:05,2020-07-29 10:31:53,2020-07-29 10:58:05,23.64276307,26.1953009,1,1,,,1500000US060250121004,6,25,12100,4,4,BG,0.403,,,1,6025010600.0,"207 W Legion Rd, Brawley, CA 92227",X:  -115.55422 Y: 32.959953
1,1 - Location 2,2020-07-29 03:31:53,2020-07-29 03:45:52,2020-07-29 10:31:53,2020-07-29 10:45:52,11.93185352,13.98393576,2,2,,,1500000US060250122001,6,25,12200,1,1,BG,0.68300003,,,2,6025011700.0,"1415 Ross Ave, El Centro, CA 92243",X:  -115.56864 Y: 32.781487
2,1 - Location 1,2020-07-29 03:31:53,2020-07-29 03:59:05,2020-07-29 10:31:53,2020-07-29 10:59:05,24.53938338,27.19270684,1,2,,,1500000US060250122001,6,25,12200,1,1,BG,0.68300003,,,2,6025010600.0,"207 W Legion Rd, Brawley, CA 92227",X:  -115.55422 Y: 32.959953
1,2 - Location 2,2020-07-29 03:31:53,2020-07-29 03:44:57,2020-07-29 10:31:53,2020-07-29 10:44:57,10.14984986,13.06080148,2,3,,,1500000US060250122002,6,25,12200,2,2,BG,0.223,,,3,6025011700.0,"1415 Ross Ave, El Centro, CA 92243",X:  -115.56864 Y: 32.781487
2,2 - Location 1,2020-07-29 03:31:53,2020-07-29 03:59:27.000001,2020-07-29 10:31:53,2020-07-29 10:59:27,24.72605452,27.56289619,1,3,,,1500000US060250122002,6,25,12200,2,2,BG,0.223,,,3,6025010600.0,"207 W Legion Rd, Brawley, CA 92227",X:  -115.55422 Y: 32.959953
1,3 - Location 2,2020-07-29 03:31:53,2020-07-29 03:45:55.000001,2020-07-29 10:31:53,2020-07-29 10:45:55,10.97329111,14.03671258,2,4,,,1500000US060250122003,6,25,12200,3,3,BG,0.94400001,,,4,6025011700.0,"1415 Ross Ave, El Centro, CA 92243",X:  -115.56864 Y: 32.781487
2,3 - Location 1,2020-07-29 03:31:53,2020-07-29 04:01:23,2020-07-29 10:31:53,2020-07-29 11:01:23,25.82319013,29.49342041,1,4,,,1500000US060250122003,6,25,12200,3,3,BG,0.94400001,,,4,6025010600.0,"207 W Legion Rd, Brawley, CA 92227",X:  -115.55422 Y: 32.959953
1,4 - Location 2,2020-07-29 03:31:53,2020-07-29 03:45:07,2020-07-29 10:31:53,2020-07-29 10:45:07,10.24532315,13.2275464,2,5,,,1500000US060250122004,6,25,12200,4,4,BG,0.154,,,5,6025011700.0,"1415 Ross Ave, El Centro, CA 92243",X:  -115.56864 Y: 32.781487
2,4 - Location 1,2020-07-29 03:31:53,2020-07-29 03:59:54.000001,2020-07-29 10:31:53,2020-07-29 10:59:54,24.96400646,28.02015418,1,5,,,1500000US060250122004,6,25,12200,4,4,BG,0.154,,,5,6025010600.0,"207 W Legion Rd, Brawley, CA 92227",X:  -115.55422 Y: 32.959953
1,1 - Location 1,2020-07-29 03:31:53,2020-07-29 04:21:11,2020-07-29 10:31:53,2020-07-29 11:21:11,47.43962607,49.30154629,1,6,,,1500000US060250123021,6,25,12302,1,1,BG,1.85699999,,,6,6025010600.0,"207 W Legion Rd, Brawley, CA 92227",X:  -115.55422 Y: 32.959953
2,1 - Location 2,2020-07-29 03:31:53,2020-07-29 04:36:37,2020-07-29 10:31:53,2020-07-29 11:36:37,60.22295715,64.73776234,2,6,,,1500000US060250123021,6,25,12302,1,1,BG,1.85699999,,,6,6025011700.0,"1415 Ross Ave, El Centro, CA 92243",X:  -115.56864 Y: 32.781487
1,2 - Location 1,2020-07-29 03:31:53,2020-07-29 05:02:21,2020-07-29 10:31:53,2020-07-29 12:02:21.000001,37.07632824,90.46958531,1,7,,,1500000US060250124002,6,25,12400,2,2,BG,2184.52587891,,,7,6025010600.0,"207 W Legion Rd, Brawley, CA 92227",X:  -115.55422 Y: 32.959953
2,2 - Location 2,2020-07-29 03:31:53,2020-07-29 05:12:12,2020-07-29 10:31:53,2020-07-29 12:12:12,50.68941407,100.31307361,2,7,,,1500000US060250124002,6,25,12400,2,2,BG,2184.52587891,,,7,6025011700.0,"1415 Ross Ave, El Centro, CA 92243",X:  -115.56864 Y: 32.781487
1,2 - Location 1,2020-07-29 03:31:53,2020-07-29 03:50:00,2020-07-29 10:31:53,2020-07-29 10:50:00,13.34163557,18.11920325,1,8,,,1500000US060250101022,6,25,10102,2,2,BG,0.61900002,,,8,6025010600.0,"207 W Legion Rd, Brawley, CA 92227",X:  -115.55422 Y: 32.959953
2,2 - Location 2,2020-07-29 03:31:53,2020-07-29 04:04:35,2020-07-29 10:31:53,2020-07-29 11:04:35,31.21702964,32.69434158,2,8,,,1500000US060250101022,6,25,10102,2,2,BG,0.61900002,,,8,6025011700.0,"1415 Ross Ave, El Centro, CA 92243",X:  -115.56864 Y: 32.781487
1,4 - Location 1,2020-07-29 03:31:53,2020-07-29 03:49:33,2020-07-29 10:31:53,2020-07-29 10:49:33,13.1660344,17.67281643,1,9,,,1500000US060250101024,6,25,10102,4,4,BG,0.56900001,,,9,6025010600.0,"207 W Legion Rd, Brawley, CA 92227",X:  -115.55422 Y: 32.959953
2,4 - Location 2,2020-07-29 03:31:53,2020-07-29 04:04:08,2020-07-29 10:31:53,2020-07-29 11:04:08,31.04142847,32.24795476,2,9,,,1500000US060250101024,6,25,10102,4,4,BG,0.56900001,,,9,6025011700.0,"1415 Ross Ave, El Centro, CA 92243",X:  -115.56864 Y: 32.781487
1,1 - Location 1,2020-07-29 03:31:53,2020-07-29 03:38:39,2020-07-29 10:31:53,2020-07-29 10:38:39,3.1099594,6.77209547,1,10,,,1500000US060250104001,6,25,10400,1,1,BG,0.168,,,10,6025010600.0,"207 W Legion Rd, Brawley, CA 92227",X:  -115.55422 Y: 32.959953
2,1 - Location 2,2020-07-29 03:31:53,2020-07-29 03:53:06,2020-07-29 10:31:53,2020-07-29 10:53:06.000001,19.66679231,21.2240184,2,10,,,1500000US060250104001,6,25,10400,1,1,BG,0.168,,,10,6025011700.0,"1415 Ross Ave, El Centro, CA 92243",X:  -115.56864 Y: 32.781487
1,4 - Location 1,2020-07-29 03:31:53,2020-07-29 03:40:20,2020-07-29 10:31:53,2020-07-29 10:40:20,3.87609765,8.45689742,1,11,,,1500000US060250104004,6,25,10400,4,4,BG,1.15600002,,,11,6025010600.0,"207 W Legion Rd, Brawley, CA 92227",X:  -115.55422 Y: 32.959953
2,4 - Location 2,2020-07-29 03:31:53,2020-07-29 03:54:00,2020-07-29 10:31:53,2020-07-29 10:54:00.000001,20.04910315,22.11089267,2,11,,,1500000US060250104004,6,25,10400,4,4,BG,1.15600002,,,11,6025011700.0,"1415 Ross Ave, El Centro, CA 92243",X:  -115.56864 Y: 32.781487
1,2 - Location 1,2020-07-29 03:31:53,2020-07-29 03:35:40,2020-07-29 10:31:53,2020-07-29 10:35:40.000001,1.939407,3.79074676,1,12,,,1500000US060250105002,6,25,10500,2,2,BG,0.15700001,,,12,6025010600.0,"207 W Legion Rd, Brawley, CA 92227",X:  -115.55422 Y: 32.959953
2,2 - Location 2,2020-07-29 03:31:53,2020-07-29 03:51:06,2020-07-29 10:31:53,2020-07-29 10:51:06,14.72273809,19.22370663,2,12,,,1500000US060250105002,6,25,10500,2,2,BG,0.15700001,,,12,6025011700.0,"1415 Ross Ave, El Centro, CA 92243",X:  -115.56864 Y: 32.781487
1,3 - Location 1,2020-07-29 03:31:53,2020-07-29 03:35:20,2020-07-29 10:31:53,2020-07-29 10:35:20,1.21871041,3.44164409,1,13,,,1500000US060250106003,6,25,10600,3,3,BG,0.405,,,13,6025010600.0,"207 W Legion Rd, Brawley, CA 92227",X:  -115.55422 Y: 32.959953
2,3 - Location 2,2020-07-29 03:31:53,2020-07-29 03:51:06,2020-07-29 10:31:53,2020-07-29 10:51:06,14.55586952,19.20884692,2,13,,,1500000US060250106003,6,25,10600,3,3,BG,0.405,,,13,6025011700.0,"1415 Ross Ave, El Centro, CA 92243",X:  -115.56864 Y: 32.781487
1,2 - Location 1,2020-07-29 03:31:53,2020-07-29 03:37:25,2020-07-29 10:31:53,2020-07-29 10:37:25.000001,2.5544786,5.53603001,1,14,,,1500000US060250107002,6,25,10700,2,2,BG,0.183,,,14,6025010600.0,"207 W Legion Rd, Brawley, CA 92227",X:  -115.55422 Y: 32.959953
2,2 - Location 2,2020-07-29 03:31:53,2020-07-29 03:52:18,2020-07-29 10:31:53,2020-07-29 10:52:18,19.0717418,20.41078924,2,14,,,1500000US060250107002,6,25,10700,2,2,BG,0.183,,,14,6025011700.0,"1415 Ross Ave, El Centro, CA 92243",X:  -115.56864 Y: 32.781487
1,2 - Location 2,2020-07-29 03:31:53,2020-07-29 03:49:36,2020-07-29 10:31:53,2020-07-29 10:49:36,14.70156913,17.70911887,2,15,,,1500000US060250109002,6,25,10900,2,2,BG,0.215,,,15,6025011700.0,"1415 Ross Ave, El Centro, CA 92243",X:  -115.56864 Y: 32.781487
2,2 - Location 1,2020-07-29 03:31:53,2020-07-29 03:57:17,2020-07-29 10:31:53,2020-07-29 10:57:17,22.68608075,25.39210396,1,15,,,1500000US060250109002,6,25,10900,2,2,BG,0.215,,,15,6025010600.0,"207 W Legion Rd, Brawley, CA 92227",X:  -115.55422 Y: 32.959953
1,4 - Location 2,2020-07-29 03:31:53,2020-07-29 03:46:48,2020-07-29 10:31:53,2020-07-29 10:46:48,13.56782365,14.92208346,2,16,,,1500000US060250109004,6,25,10900,4,4,BG,0.2,,,16,6025011700.0,"1415 Ross Ave, El Centro, CA 92243",X:  -115.56864 Y: 32.781487
2,4 - Location 1,2020-07-29 03:31:53,2020-07-29 03:56:05,2020-07-29 10:31:53,2020-07-29 10:56:05,21.8527429,24.20634902,1,16,,,1500000US060250109004,6,25,10900,4,4,BG,0.2,,,16,6025010600.0,"207 W Legion Rd, Brawley, CA 92227",X:  -115.55422 Y: 32.959953
1,2 - Location 2,2020-07-29 03:31:53,2020-07-29 03:40:09,2020-07-29 10:31:53,2020-07-29 10:40:09.000001,4.9551274,8.27254789,2,17,,,1500000US060250110002,6,25,11000,2,2,BG,0.28099999,,,17,6025011700.0,"1415 Ross Ave, El Centro, CA 92243",X:  -115.56864 Y: 32.781487
2,2 - Location 1,2020-07-29 03:31:53,2020-07-29 03:41:16,2020-07-29 10:31:53,2020-07-29 10:41:16,8.4860192,9.38018926,1,17,,,1500000US060250110002,6,25,11000,2,2,BG,0.28099999,,,17,6025010600.0,"207 W Legion Rd, Brawley, CA 92227",X:  -115.55422 Y: 32.959953
1,3 - Location 2,2020-07-29 03:31:53,2020-07-29 03:41:56,2020-07-29 10:31:53,2020-07-29 10:41:56,9.31211466,10.05751896,2,18,,,1500000US060250111003,6,25,11100,3,3,BG,0.46700001,,,18,6025011700.0,"1415 Ross Ave, El Centro, CA 92243",X:  -115.56864 Y: 32.781487
2,3 - Location 1,2020-07-29 03:31:53,2020-07-29 03:53:42,2020-07-29 10:31:53,2020-07-29 10:53:42,18.33957663,21.82178435,1,18,,,1500000US060250111003,6,25,11100,3,3,BG,0.46700001,,,18,6025010600.0,"207 W Legion Rd, Brawley, CA 92227",X:  -115.55422 Y: 32.959953
1,3 - Location 2,2020-07-29 03:31:53,2020-07-29 03:40:17,2020-07-29 10:31:53,2020-07-29 10:40:17.000001,5.63996053,8.39603893,2,19,,,1500000US060250113003,6,25,11300,3,3,BG,0.20999999,,,19,6025011700.0,"1415 Ross Ave, El Centro, CA 92243",X:  -115.56864 Y: 32.781487
2,3 - Location 1,2020-07-29 03:31:53,2020-07-29 03:56:12,2020-07-29 10:31:53,2020-07-29 10:56:12,18.61113783,24.31387621,1,19,,,1500000US060250113003,6,25,11300,3,3,BG,0.20999999,,,19,6025010600.0,"207 W Legion Rd, Brawley, CA 92227",X:  -115.55422 Y: 32.959953
1,2 - Location 2,2020-07-29 03:31:53,2020-07-29 03:35:11,2020-07-29 10:31:53,2020-07-29 10:35:11,1.38547504,3.30057411,2,20,,,1500000US060250114002,6,25,11400,2,2,BG,0.177,,,20,6025011700.0,"1415 Ross Ave, El Centro, CA 92243",X:  -115.56864 Y: 32.781487
2,2 - Location 1,2020-07-29 03:31:53,2020-07-29 03:49:48,2020-07-29 10:31:53,2020-07-29 10:49:48,13.88516395,17.90850033,1,20,,,1500000US060250114002,6,25,11400,2,2,BG,0.177,,,20,6025010600.0,"207 W Legion Rd, Brawley, CA 92227",X:  -115.55422 Y: 32.959953
1,2 - Location 2,2020-07-29 03:31:53,2020-07-29 03:34:55,2020-07-29 10:31:53,2020-07-29 10:34:55,1.47145496,3.03792503,2,21,,,1500000US060250115002,6,25,11500,2,2,BG,0.114,,,21,6025011700.0,"1415 Ross Ave, El Centro, CA 92243",X:  -115.56864 Y: 32.781487
2,2 - Location 1,2020-07-29 03:31:53,2020-07-29 03:46:33,2020-07-29 10:31:53,2020-07-29 10:46:33,12.23984557,14.66348436,1,21,,,1500000US060250115002,6,25,11500,2,2,BG,0.114,,,21,6025010600.0,"207 W Legion Rd, Brawley, CA 92227",X:  -115.55422 Y: 32.959953
1,1 - Location 2,2020-07-29 03:31:53,2020-07-29 03:32:49,2020-07-29 10:31:53,2020-07-29 10:32:49,0.36677556,0.93005216,2,22,,,1500000US060250116001,6,25,11600,1,1,BG,0.17,,,22,6025011700.0,"1415 Ross Ave, El Centro, CA 92243",X:  -115.56864 Y: 32.781487
2,1 - Location 1,2020-07-29 03:31:53,2020-07-29 03:48:41,2020-07-29 10:31:53,2020-07-29 10:48:41,13.22298367,16.7943,1,22,,,1500000US060250116001,6,25,11600,1,1,BG,0.17,,,22,6025010600.0,"207 W Legion Rd, Brawley, CA 92227",X:  -115.55422 Y: 32.959953
1,1 - Location 2,2020-07-29 03:31:53,2020-07-29 03:35:16,2020-07-29 10:31:53,2020-07-29 10:35:16,1.41912946,3.38460241,2,23,,,1500000US060250117001,6,25,11700,1,1,BG,0.292,,,23,6025011700.0,"1415 Ross Ave, El Centro, CA 92243",X:  -115.56864 Y: 32.781487
2,1 - Location 1,2020-07-29 03:31:53,2020-07-29 03:51:03,2020-07-29 10:31:53,2020-07-29 10:51:03,14.5569914,19.17325223,1,23,,,1500000US060250117001,6,25,11700,1,1,BG,0.292,,,23,6025010600.0,"207 W Legion Rd, Brawley, CA 92227",X:  -115.55422 Y: 32.959953
1,1 - Location 2,2020-07-29 03:31:53,2020-07-29 03:34:15,2020-07-29 10:31:53,2020-07-29 10:34:15,1.07649863,2.37197273,2,24,,,1500000US060250118011,6,25,11801,1,1,BG,0.214,,,24,6025011700.0,"1415 Ross Ave, El Centro, CA 92243",X:  -115.56864 Y: 32.781487
2,1 - Location 1,2020-07-29 03:31:53,2020-07-29 03:49:12,2020-07-29 10:31:53,2020-07-29 10:49:12,13.58179575,17.32278175,1,24,,,1500000US060250118011,6,25,11801,1,1,BG,0.214,,,24,6025010600.0,"207 W Legion Rd, Brawley, CA 92227",X:  -115.55422 Y: 32.959953
1,3 - Location 2,2020-07-29 03:31:53,2020-07-29 03:33:10,2020-07-29 10:31:53,2020-07-29 10:33:10,0.5812765,1.28087642,2,25,,,1500000US060250118023,6,25,11802,3,3,BG,0.26800001,,,25,6025011700.0,"1415 Ross Ave, El Centro, CA 92243",X:  -115.56864 Y: 32.781487
2,3 - Location 1,2020-07-29 03:31:53,2020-07-29 03:47:48.000001,2020-07-29 10:31:53,2020-07-29 10:47:48,12.87374756,15.91129479,1,25,,,1500000US060250118023,6,25,11802,3,3,BG,0.26800001,,,25,6025010600.0,"207 W Legion Rd, Brawley, CA 92227",X:  -115.55422 Y: 32.959953
1,1 - Location 2,2020-07-29 03:31:53,2020-07-29 03:47:45,2020-07-29 10:31:53,2020-07-29 10:47:45,12.76543138,15.87105631,2,26,,,1500000US060250120011,6,25,12001,1,1,BG,0.153,,,26,6025011700.0,"1415 Ross Ave, El Centro, CA 92243",X:  -115.56864 Y: 32.781487
2,1 - Location 1,2020-07-29 03:31:53,2020-07-29 04:00:58,2020-07-29 10:31:53,2020-07-29 11:00:58,25.37296124,29.07982738,1,26,,,1500000US060250120011,6,25,12001,1,1,BG,0.153,,,26,6025010600.0,"207 W Legion Rd, Brawley, CA 92227",X:  -115.55422 Y: 32.959953
1,2 - Location 2,2020-07-29 03:31:53,2020-07-29 03:47:02,2020-07-29 10:31:53,2020-07-29 10:47:02,12.51236574,15.14623867,2,27,,,1500000US060250120012,6,25,12001,2,2,BG,0.068,,,27,6025011700.0,"1415 Ross Ave, El Centro, CA 92243",X:  -115.56864 Y: 32.781487
2,2 - Location 1,2020-07-29 03:31:53,2020-07-29 04:00:14,2020-07-29 10:31:53,2020-07-29 11:00:14,25.1198956,28.35500972,1,27,,,1500000US060250120012,6,25,12001,2,2,BG,0.068,,,27,6025010600.0,"207 W Legion Rd, Brawley, CA 92227",X:  -115.55422 Y: 32.959953
1,2 - Location 2,2020-07-29 03:31:53,2020-07-29 03:45:10,2020-07-29 10:31:53,2020-07-29 10:45:10.000001,11.68027716,13.28961217,2,28,,,1500000US060250121002,6,25,12100,2,2,BG,0.219,,,28,6025011700.0,"1415 Ross Ave, El Centro, CA 92243",X:  -115.56864 Y: 32.781487
2,2 - Location 1,2020-07-29 03:31:53,2020-07-29 03:58:23,2020-07-29 10:31:53,2020-07-29 10:58:23,24.28780702,26.49838324,1,28,,,1500000US060250121002,6,25,12100,2,2,BG,0.219,,,28,6025010600.0,"207 W Legion Rd, Brawley, CA 92227",X:  -115.55422 Y: 32.959953
1,1 - Location 2,2020-07-29 03:31:53,2020-07-29 04:46:27,2020-07-29 10:31:53,2020-07-29 11:46:27,30.28078506,74.57351919,2,29,,,1500000US060250123011,6,25,12301,1,1,BG,907.94500732,,,29,6025011700.0,"1415 Ross Ave, El Centro, CA 92243",X:  -115.56864 Y: 32.781487
2,1 - Location 1,2020-07-29 03:31:53,2020-07-29 04:58:16,2020-07-29 10:31:53,2020-07-29 11:58:16,39.24358474,86.37618412,1,29,,,1500000US060250123011,6,25,12301,1,1,BG,907.94500732,,,29,6025010600.0,"207 W Legion Rd, Brawley, CA 92227",X:  -115.55422 Y: 32.959953
1,2 - Location 2,2020-07-29 03:31:53,2020-07-29 03:58:01.000001,2020-07-29 10:31:53,2020-07-29 10:58:01,27.47999252,26.13504011,2,30,,,1500000US060250123012,6,25,12301,2,2,BG,7.9829998,,,30,6025011700.0,"1415 Ross Ave, El Centro, CA 92243",X:  -115.56864 Y: 32.781487
2,2 - Location 1,2020-07-29 03:31:53,2020-07-29 04:11:57,2020-07-29 10:31:53,2020-07-29 11:11:57,39.48151106,40.05994585,1,30,,,1500000US060250123012,6,25,12301,2,2,BG,7.9829998,,,30,6025010600.0,"207 W Legion Rd, Brawley, CA 92227",X:  -115.55422 Y: 32.959953
1,2 - Location 1,2020-07-29 03:31:53,2020-07-29 04:20:52,2020-07-29 10:31:53,2020-07-29 11:20:52,43.34022625,48.97830533,1,31,,,1500000US060250123022,6,25,12302,2,2,BG,10.11800003,,,31,6025010600.0,"207 W Legion Rd, Brawley, CA 92227",X:  -115.55422 Y: 32.959953
2,2 - Location 2,2020-07-29 03:31:53,2020-07-29 04:36:18,2020-07-29 10:31:53,2020-07-29 11:36:18,56.12355734,64.41452138,2,31,,,1500000US060250123022,6,25,12302,2,2,BG,10.11800003,,,31,6025011700.0,"1415 Ross Ave, El Centro, CA 92243",X:  -115.56864 Y: 32.781487
1,3 - Location 1,2020-07-29 03:31:53,2020-07-29 04:06:54,2020-07-29 10:31:53,2020-07-29 11:06:54,31.71019088,35.01788191,1,32,,,1500000US060250123023,6,25,12302,3,3,BG,52.66999817,,,32,6025010600.0,"207 W Legion Rd, Brawley, CA 92227",X:  -115.55422 Y: 32.959953
2,3 - Location 2,2020-07-29 03:31:53,2020-07-29 04:21:54,2020-07-29 10:31:53,2020-07-29 11:21:54,44.12808485,50.02460353,2,32,,,1500000US060250123023,6,25,12302,3,3,BG,52.66999817,,,32,6025011700.0,"1415 Ross Ave, El Centro, CA 92243",X:  -115.56864 Y: 32.781487
1,1 - Location 1,2020-07-29 03:31:53,2020-07-29 04:13:23,2020-07-29 10:31:53,2020-07-29 11:13:23,38.95877765,41.49927537,1,33,,,1500000US060250124001,6,25,12400,1,1,BG,44.46099854,,,33,6025010600.0,"207 W Legion Rd, Brawley, CA 92227",X:  -115.55422 Y: 32.959953
2,1 - Location 2,2020-07-29 03:31:53,2020-07-29 04:28:03.000001,2020-07-29 10:31:53,2020-07-29 11:28:03,56.83417172,56.1711356,2,33,,,1500000US060250124001,6,25,12400,1,1,BG,44.46099854,,,33,6025011700.0,"1415 Ross Ave, El Centro, CA 92243",X:  -115.56864 Y: 32.781487
1,1 - Location 2,2020-07-29 03:31:53,2020-07-29 04:36:26,2020-07-29 10:31:53,2020-07-29 11:36:26,65.60360757,64.55076155,2,34,,,1500000US060259400001,6,25,940000,1,1,BG,26.9470005,,,34,6025011700.0,"1415 Ross Ave, El Centro, CA 92243",X:  -115.56864 Y: 32.781487
2,1 - Location 1,2020-07-29 03:31:53,2020-07-29 04:50:11,2020-07-29 10:31:53,2020-07-29 11:50:11,78.32103412,78.2950869,1,34,,,1500000US060259400001,6,25,940000,1,1,BG,26.9470005,,,34,6025010600.0,"207 W Legion Rd, Brawley, CA 92227",X:  -115.55422 Y: 32.959953
1,2 - Location 2,2020-07-29 03:31:53,2020-07-29 04:28:41,2020-07-29 10:31:53,2020-07-29 11:28:41,59.38461531,56.80278287,2,35,,,1500000US060259400002,6,25,940000,2,2,BG,12.3579998,,,35,6025011700.0,"1415 Ross Ave, El Centro, CA 92243",X:  -115.56864 Y: 32.781487
2,2 - Location 1,2020-07-29 03:31:53,2020-07-29 04:42:26.000001,2020-07-29 10:31:53,2020-07-29 11:42:26,72.10204186,70.54529407,1,35,,,1500000US060259400002,6,25,940000,2,2,BG,12.3579998,,,35,6025010600.0,"207 W Legion Rd, Brawley, CA 92227",X:  -115.55422 Y: 32.959953
1,3 - Location 2,2020-07-29 03:31:53,2020-07-29 04:24:54,2020-07-29 10:31:53,2020-07-29 11:24:54,55.60724225,53.01802319,2,36,,,1500000US060259400003,6,25,940000,3,3,BG,4.71400023,,,36,6025011700.0,"1415 Ross Ave, El Centro, CA 92243",X:  -115.56864 Y: 32.781487
2,3 - Location 1,2020-07-29 03:31:53,2020-07-29 04:38:39,2020-07-29 10:31:53,2020-07-29 11:38:39,68.3246688,66.76053438,1,36,,,1500000US060259400003,6,25,940000,3,3,BG,4.71400023,,,36,6025010600.0,"207 W Legion Rd, Brawley, CA 92227",X:  -115.55422 Y: 32.959953
1,1 - Location 1,2020-07-29 03:31:53,2020-07-29 03:57:21,2020-07-29 10:31:53,2020-07-29 10:57:21,20.19259948,25.46744103,1,37,,,1500000US060250101011,6,25,10101,1,1,BG,146.39900208,,,37,6025010600.0,"207 W Legion Rd, Brawley, CA 92227",X:  -115.55422 Y: 32.959953
2,1 - Location 2,2020-07-29 03:31:53,2020-07-29 04:10:43,2020-07-29 10:31:53,2020-07-29 11:10:43.000001,37.87763646,38.82661096,2,37,,,1500000US060250101011,6,25,10101,1,1,BG,146.39900208,,,37,6025011700.0,"1415 Ross Ave, El Centro, CA 92243",X:  -115.56864 Y: 32.781487
1,1 - Location 1,2020-07-29 03:31:53,2020-07-29 04:02:01,2020-07-29 10:31:53,2020-07-29 11:02:01,21.46237246,30.1277934,1,38,,,1500000US060250101021,6,25,10102,1,1,BG,88.68699646,,,38,6025010600.0,"207 W Legion Rd, Brawley, CA 92227",X:  -115.55422 Y: 32.959953
2,1 - Location 2,2020-07-29 03:31:53,2020-07-29 04:17:01,2020-07-29 10:31:53,2020-07-29 11:17:01,33.88026644,45.13083025,2,38,,,1500000US060250101021,6,25,10102,1,1,BG,88.68699646,,,38,6025011700.0,"1415 Ross Ave, El Centro, CA 92243",X:  -115.56864 Y: 32.781487
1,3 - Location 1,2020-07-29 03:31:53,2020-07-29 03:49:07,2020-07-29 10:31:53,2020-07-29 10:49:07,12.79626591,17.22690863,1,39,,,1500000US060250101023,6,25,10102,3,3,BG,0.41600001,,,39,6025010600.0,"207 W Legion Rd, Brawley, CA 92227",X:  -115.55422 Y: 32.959953
2,3 - Location 2,2020-07-29 03:31:53,2020-07-29 04:03:41,2020-07-29 10:31:53,2020-07-29 11:03:41,30.67165998,31.80204696,2,39,,,1500000US060250101023,6,25,10102,3,3,BG,0.41600001,,,39,6025011700.0,"1415 Ross Ave, El Centro, CA 92243",X:  -115.56864 Y: 32.781487
1,1 - Location 1,2020-07-29 03:31:53,2020-07-29 03:50:32.000001,2020-07-29 10:31:53,2020-07-29 10:50:32,13.6287482,18.65156817,1,40,,,1500000US060250102001,6,25,10200,1,1,BG,71.91300201,,,40,6025010600.0,"207 W Legion Rd, Brawley, CA 92227",X:  -115.55422 Y: 32.959953
2,1 - Location 2,2020-07-29 03:31:53,2020-07-29 04:04:45,2020-07-29 10:31:53,2020-07-29 11:04:45,26.05363998,32.87377467,2,40,,,1500000US060250102001,6,25,10200,1,1,BG,71.91300201,,,40,6025011700.0,"1415 Ross Ave, El Centro, CA 92243",X:  -115.56864 Y: 32.781487
1,2 - Location 1,2020-07-29 03:31:53,2020-07-29 03:43:05,2020-07-29 10:31:53,2020-07-29 10:43:05,8.57193786,11.20785611,1,41,,,1500000US060250102002,6,25,10200,2,2,BG,0.49599999,,,41,6025010600.0,"207 W Legion Rd, Brawley, CA 92227",X:  -115.55422 Y: 32.959953
2,2 - Location 2,2020-07-29 03:31:53,2020-07-29 03:57:45.000001,2020-07-29 10:31:53,2020-07-29 10:57:45,20.99710354,25.87325261,2,41,,,1500000US060250102002,6,25,10200,2,2,BG,0.49599999,,,41,6025011700.0,"1415 Ross Ave, El Centro, CA 92243",X:  -115.56864 Y: 32.781487
1,1 - Location 1,2020-07-29 03:31:53,2020-07-29 03:52:25.000001,2020-07-29 10:31:53,2020-07-29 10:52:25,12.90597005,20.53547146,1,42,,,1500000US060250103001,6,25,10300,1,1,BG,180.54400635,,,42,6025010600.0,"207 W Legion Rd, Brawley, CA 92227",X:  -115.55422 Y: 32.959953
2,1 - Location 2,2020-07-29 03:31:53,2020-07-29 04:02:46.000001,2020-07-29 10:31:53,2020-07-29 11:02:46,28.53235044,30.89046029,2,42,,,1500000US060250103001,6,25,10300,1,1,BG,180.54400635,,,42,6025011700.0,"1415 Ross Ave, El Centro, CA 92243",X:  -115.56864 Y: 32.781487
1,2 - Location 1,2020-07-29 03:31:53,2020-07-29 03:37:57,2020-07-29 10:31:53,2020-07-29 10:37:57,2.74763517,6.06910008,1,43,,,1500000US060250104002,6,25,10400,2,2,BG,0.16500001,,,43,6025010600.0,"207 W Legion Rd, Brawley, CA 92227",X:  -115.55422 Y: 32.959953
2,2 - Location 2,2020-07-29 03:31:53,2020-07-29 03:53:23,2020-07-29 10:31:53,2020-07-29 10:53:23,15.53096626,21.50205996,2,43,,,1500000US060250104002,6,25,10400,2,2,BG,0.16500001,,,43,6025011700.0,"1415 Ross Ave, El Centro, CA 92243",X:  -115.56864 Y: 32.781487
1,3 - Location 1,2020-07-29 03:31:53,2020-07-29 03:36:57.000001,2020-07-29 10:31:53,2020-07-29 10:36:57,2.45207863,5.06620205,1,44,,,1500000US060250104003,6,25,10400,3,3,BG,0.15800001,,,44,6025010600.0,"207 W Legion Rd, Brawley, CA 92227",X:  -115.55422 Y: 32.959953
2,3 - Location 2,2020-07-29 03:31:53,2020-07-29 03:52:23,2020-07-29 10:31:53,2020-07-29 10:52:23.000001,15.23540972,20.49916192,2,44,,,1500000US060250104003,6,25,10400,3,3,BG,0.15800001,,,44,6025011700.0,"1415 Ross Ave, El Centro, CA 92243",X:  -115.56864 Y: 32.781487
1,5 - Location 1,2020-07-29 03:31:53,2020-07-29 03:39:05,2020-07-29 10:31:53,2020-07-29 10:39:05,3.18051322,7.19375242,1,45,,,1500000US060250104005,6,25,10400,5,5,BG,0.73500001,,,45,6025010600.0,"207 W Legion Rd, Brawley, CA 92227",X:  -115.55422 Y: 32.959953
2,5 - Location 2,2020-07-29 03:31:53,2020-07-29 03:54:31,2020-07-29 10:31:53,2020-07-29 10:54:31,15.9638443,22.62671229,2,45,,,1500000US060250104005,6,25,10400,5,5,BG,0.73500001,,,45,6025011700.0,"1415 Ross Ave, El Centro, CA 92243",X:  -115.56864 Y: 32.781487
1,1 - Location 1,2020-07-29 03:31:53,2020-07-29 03:37:55,2020-07-29 10:31:53,2020-07-29 10:37:55,2.68899078,6.02783197,1,46,,,1500000US060250105001,6,25,10500,1,1,BG,0.542,,,46,6025010600.0,"207 W Legion Rd, Brawley, CA 92227",X:  -115.55422 Y: 32.959953
2,1 - Location 2,2020-07-29 03:31:53,2020-07-29 03:53:21,2020-07-29 10:31:53,2020-07-29 10:53:21,15.47232187,21.46079185,2,46,,,1500000US060250105001,6,25,10500,1,1,BG,0.542,,,46,6025011700.0,"1415 Ross Ave, El Centro, CA 92243",X:  -115.56864 Y: 32.781487
1,3 - Location 1,2020-07-29 03:31:53,2020-07-29 03:38:19,2020-07-29 10:31:53,2020-07-29 10:38:19,2.692716,6.43153293,1,47,,,1500000US060250105003,6,25,10500,3,3,BG,0.382,,,47,6025010600.0,"207 W Legion Rd, Brawley, CA 92227",X:  -115.55422 Y: 32.959953
2,3 - Location 2,2020-07-29 03:31:53,2020-07-29 03:53:45,2020-07-29 10:31:53,2020-07-29 10:53:45,15.47604708,21.8644928,2,47,,,1500000US060250105003,6,25,10500,3,3,BG,0.382,,,47,6025011700.0,"1415 Ross Ave, El Centro, CA 92243",X:  -115.56864 Y: 32.781487
1,4 - Location 1,2020-07-29 03:31:53,2020-07-29 03:36:53,2020-07-29 10:31:53,2020-07-29 10:36:53,2.21966453,5.00295514,1,48,,,1500000US060250105004,6,25,10500,4,4,BG,0.31999999,,,48,6025010600.0,"207 W Legion Rd, Brawley, CA 92227",X:  -115.55422 Y: 32.959953
2,4 - Location 2,2020-07-29 03:31:53,2020-07-29 03:52:19,2020-07-29 10:31:53,2020-07-29 10:52:19,15.00299561,20.43591502,2,48,,,1500000US060250105004,6,25,10500,4,4,BG,0.31999999,,,48,6025011700.0,"1415 Ross Ave, El Centro, CA 92243",X:  -115.56864 Y: 32.781487
1,1 - Location 1,2020-07-29 03:31:53,2020-07-29 03:34:46,2020-07-29 10:31:53,2020-07-29 10:34:46,1.55280494,2.88860823,1,49,,,1500000US060250106001,6,25,10600,1,1,BG,0.236,,,49,6025010600.0,"207 W Legion Rd, Brawley, CA 92227",X:  -115.55422 Y: 32.959953
2,1 - Location 2,2020-07-29 03:31:53,2020-07-29 03:50:12,2020-07-29 10:31:53,2020-07-29 10:50:12,14.33613603,18.3215681,2,49,,,1500000US060250106001,6,25,10600,1,1,BG,0.236,,,49,6025011700.0,"1415 Ross Ave, El Centro, CA 92243",X:  -115.56864 Y: 32.781487
1,2 - Location 1,2020-07-29 03:31:53,2020-07-29 03:35:00,2020-07-29 10:31:53,2020-07-29 10:35:00,1.60073844,3.12417658,1,50,,,1500000US060250106002,6,25,10600,2,2,BG,0.31999999,,,50,6025010600.0,"207 W Legion Rd, Brawley, CA 92227",X:  -115.55422 Y: 32.959953
2,2 - Location 2,2020-07-29 03:31:53,2020-07-29 03:50:26,2020-07-29 10:31:53,2020-07-29 10:50:26,14.38406953,18.55713646,2,50,,,1500000US060250106002,6,25,10600,2,2,BG,0.31999999,,,50,6025011700.0,"1415 Ross Ave, El Centro, CA 92243",X:  -115.56864 Y: 32.781487
1,4 - Location 1,2020-07-29 03:31:53,2020-07-29 03:32:26,2020-07-29 10:31:53,2020-07-29 10:32:26,0.18622563,0.54494571,1,51,,,1500000US060250106004,6,25,10600,4,4,BG,2.37899995,,,51,6025010600.0,"207 W Legion Rd, Brawley, CA 92227",X:  -115.55422 Y: 32.959953
2,4 - Location 2,2020-07-29 03:31:53,2020-07-29 03:49:03,2020-07-29 10:31:53,2020-07-29 10:49:03,13.39364482,17.16276242,2,51,,,1500000US060250106004,6,25,10600,4,4,BG,2.37899995,,,51,6025011700.0,"1415 Ross Ave, El Centro, CA 92243",X:  -115.56864 Y: 32.781487
1,1 - Location 1,2020-07-29 03:31:53,2020-07-29 03:36:35,2020-07-29 10:31:53,2020-07-29 10:36:35,2.16073209,4.70541979,1,52,,,1500000US060250107001,6,25,10700,1,1,BG,0.234,,,52,6025010600.0,"207 W Legion Rd, Brawley, CA 92227",X:  -115.55422 Y: 32.959953
2,1 - Location 2,2020-07-29 03:31:53,2020-07-29 03:52:01,2020-07-29 10:31:53,2020-07-29 10:52:01,14.94406317,20.13837966,2,52,,,1500000US060250107001,6,25,10700,1,1,BG,0.234,,,52,6025011700.0,"1415 Ross Ave, El Centro, CA 92243",X:  -115.56864 Y: 32.781487
1,3 - Location 1,2020-07-29 03:31:53,2020-07-29 03:37:54,2020-07-29 10:31:53,2020-07-29 10:37:54,2.84478937,6.01536641,1,53,,,1500000US060250107003,6,25,10700,3,3,BG,1.76400006,,,53,6025010600.0,"207 W Legion Rd, Brawley, CA 92227",X:  -115.55422 Y: 32.959953
2,3 - Location 2,2020-07-29 03:31:53,2020-07-29 03:52:26,2020-07-29 10:31:53,2020-07-29 10:52:26,15.3625139,20.55224629,2,53,,,1500000US060250107003,6,25,10700,3,3,BG,1.76400006,,,53,6025011700.0,"1415 Ross Ave, El Centro, CA 92243",X:  -115.56864 Y: 32.781487
1,1 - Location 2,2020-07-29 03:31:53,2020-07-29 03:57:23,2020-07-29 10:31:53,2020-07-29 10:57:23,19.19347324,25.50490789,2,54,,,1500000US060250108001,6,25,10800,1,1,BG,89.06300354,,,54,6025011700.0,"1415 Ross Ave, El Centro, CA 92243",X:  -115.56864 Y: 32.781487
2,1 - Location 1,2020-07-29 03:31:53,2020-07-29 03:59:09,2020-07-29 10:31:53,2020-07-29 10:59:09,19.2337799,27.27127348,1,54,,,1500000US060250108001,6,25,10800,1,1,BG,89.06300354,,,54,6025010600.0,"207 W Legion Rd, Brawley, CA 92227",X:  -115.55422 Y: 32.959953
1,2 - Location 2,2020-07-29 03:31:53,2020-07-29 03:47:13.000001,2020-07-29 10:31:53,2020-07-29 10:47:13,13.06958757,15.33629469,2,55,,,1500000US060250108002,6,25,10800,2,2,BG,22.90299988,,,55,6025011700.0,"1415 Ross Ave, El Centro, CA 92243",X:  -115.56864 Y: 32.781487
2,2 - Location 1,2020-07-29 03:31:53,2020-07-29 03:58:54,2020-07-29 10:31:53,2020-07-29 10:58:54,24.60275985,27.01448425,1,55,,,1500000US060250108002,6,25,10800,2,2,BG,22.90299988,,,55,6025010600.0,"207 W Legion Rd, Brawley, CA 92227",X:  -115.55422 Y: 32.959953
1,1 - Location 2,2020-07-29 03:31:53,2020-07-29 03:46:32,2020-07-29 10:31:53,2020-07-29 10:46:32,13.67787372,14.65052299,2,56,,,1500000US060250109001,6,25,10900,1,1,BG,5.23600006,,,56,6025011700.0,"1415 Ross Ave, El Centro, CA 92243",X:  -115.56864 Y: 32.781487
2,1 - Location 1,2020-07-29 03:31:53,2020-07-29 03:54:22,2020-07-29 10:31:53,2020-07-29 10:54:22,20.64661553,22.48871128,1,56,,,1500000US060250109001,6,25,10900,1,1,BG,5.23600006,,,56,6025010600.0,"207 W Legion Rd, Brawley, CA 92227",X:  -115.55422 Y: 32.959953
1,3 - Location 2,2020-07-29 03:31:53,2020-07-29 03:48:04.000001,2020-07-29 10:31:53,2020-07-29 10:48:04,14.07254827,16.18255553,2,57,,,1500000US060250109003,6,25,10900,3,3,BG,0.164,,,57,6025011700.0,"1415 Ross Ave, El Centro, CA 92243",X:  -115.56864 Y: 32.781487
2,3 - Location 1,2020-07-29 03:31:53,2020-07-29 03:56:41,2020-07-29 10:31:53,2020-07-29 10:56:41,22.07905233,24.79388775,1,57,,,1500000US060250109003,6,25,10900,3,3,BG,0.164,,,57,6025010600.0,"207 W Legion Rd, Brawley, CA 92227",X:  -115.55422 Y: 32.959953
1,5 - Location 2,2020-07-29 03:31:53,2020-07-29 03:46:33,2020-07-29 10:31:53,2020-07-29 10:46:33,13.3115546,14.66941726,2,58,,,1500000US060250109005,6,25,10900,5,5,BG,0.29100001,,,58,6025011700.0,"1415 Ross Ave, El Centro, CA 92243",X:  -115.56864 Y: 32.781487
2,5 - Location 1,2020-07-29 03:31:53,2020-07-29 03:56:27.000001,2020-07-29 10:31:53,2020-07-29 10:56:27,22.64689887,24.56319448,1,58,,,1500000US060250109005,6,25,10900,5,5,BG,0.29100001,,,58,6025010600.0,"207 W Legion Rd, Brawley, CA 92227",X:  -115.55422 Y: 32.959953
1,6 - Location 2,2020-07-29 03:31:53,2020-07-29 03:46:54.000001,2020-07-29 10:31:53,2020-07-29 10:46:54,13.58450846,15.01387061,2,59,,,1500000US060250109006,6,25,10900,6,6,BG,0.145,,,59,6025011700.0,"1415 Ross Ave, El Centro, CA 92243",X:  -115.56864 Y: 32.781487
2,6 - Location 1,2020-07-29 03:31:53,2020-07-29 03:56:47,2020-07-29 10:31:53,2020-07-29 10:56:47,22.91985274,24.90764783,1,59,,,1500000US060250109006,6,25,10900,6,6,BG,0.145,,,59,6025010600.0,"207 W Legion Rd, Brawley, CA 92227",X:  -115.55422 Y: 32.959953
1,1 - Location 2,2020-07-29 03:31:53,2020-07-29 03:40:58,2020-07-29 10:31:53,2020-07-29 10:40:58,5.25768297,9.08581818,2,60,,,1500000US060250110001,6,25,11000,1,1,BG,0.192,,,60,6025011700.0,"1415 Ross Ave, El Centro, CA 92243",X:  -115.56864 Y: 32.781487
2,1 - Location 1,2020-07-29 03:31:53,2020-07-29 03:41:59,2020-07-29 10:31:53,2020-07-29 10:41:59,8.67853243,10.10089859,1,60,,,1500000US060250110001,6,25,11000,1,1,BG,0.192,,,60,6025010600.0,"207 W Legion Rd, Brawley, CA 92227",X:  -115.55422 Y: 32.959953
1,3 - Location 2,2020-07-29 03:31:53,2020-07-29 03:39:32,2020-07-29 10:31:53,2020-07-29 10:39:32,4.52093047,7.64219521,2,61,,,1500000US060250110003,6,25,11000,3,3,BG,0.64399999,,,61,6025011700.0,"1415 Ross Ave, El Centro, CA 92243",X:  -115.56864 Y: 32.781487
2,3 - Location 1,2020-07-29 03:31:53,2020-07-29 03:42:23,2020-07-29 10:31:53,2020-07-29 10:42:23,9.34176943,10.50429073,1,61,,,1500000US060250110003,6,25,11000,3,3,BG,0.64399999,,,61,6025010600.0,"207 W Legion Rd, Brawley, CA 92227",X:  -115.55422 Y: 32.959953
1,4 - Location 2,2020-07-29 03:31:53,2020-07-29 03:39:26,2020-07-29 10:31:53,2020-07-29 10:39:26.000001,3.92859685,7.54616821,2,62,,,1500000US060250110004,6,25,11000,4,4,BG,0.78100002,,,62,6025011700.0,"1415 Ross Ave, El Centro, CA 92243",X:  -115.56864 Y: 32.781487
2,4 - Location 1,2020-07-29 03:31:53,2020-07-29 03:43:45,2020-07-29 10:31:53,2020-07-29 10:43:45,9.46915889,11.87145323,1,62,,,1500000US060250110004,6,25,11000,4,4,BG,0.78100002,,,62,6025010600.0,"207 W Legion Rd, Brawley, CA 92227",X:  -115.55422 Y: 32.959953
1,5 - Location 2,2020-07-29 03:31:53,2020-07-29 03:42:12,2020-07-29 10:31:53,2020-07-29 10:42:12,6.15475619,10.30907786,2,63,,,1500000US060250110005,6,25,11000,5,5,BG,2.55299997,,,63,6025011700.0,"1415 Ross Ave, El Centro, CA 92243",X:  -115.56864 Y: 32.781487
2,5 - Location 1,2020-07-29 03:31:53,2020-07-29 03:44:31,2020-07-29 10:31:53,2020-07-29 10:44:31,9.86300339,12.62754917,1,63,,,1500000US060250110005,6,25,11000,5,5,BG,2.55299997,,,63,6025010600.0,"207 W Legion Rd, Brawley, CA 92227",X:  -115.55422 Y: 32.959953
1,6 - Location 1,2020-07-29 03:31:53,2020-07-29 03:45:49,2020-07-29 10:31:53,2020-07-29 10:45:49,11.25830565,13.9342603,1,64,,,1500000US060250110006,6,25,11000,6,6,BG,65.0759964,,,64,6025010600.0,"207 W Legion Rd, Brawley, CA 92227",X:  -115.55422 Y: 32.959953
2,6 - Location 2,2020-07-29 03:31:53,2020-07-29 03:47:20,2020-07-29 10:31:53,2020-07-29 10:47:20,13.67191336,15.44799342,2,64,,,1500000US060250110006,6,25,11000,6,6,BG,65.0759964,,,64,6025011700.0,"1415 Ross Ave, El Centro, CA 92243",X:  -115.56864 Y: 32.781487
1,1 - Location 2,2020-07-29 03:31:53,2020-07-29 03:43:28,2020-07-29 10:31:53,2020-07-29 10:43:28.000001,9.95991904,11.57928113,2,65,,,1500000US060250111001,6,25,11100,1,1,BG,54.06200027,,,65,6025011700.0,"1415 Ross Ave, El Centro, CA 92243",X:  -115.56864 Y: 32.781487
2,1 - Location 1,2020-07-29 03:31:53,2020-07-29 03:57:24,2020-07-29 10:31:53,2020-07-29 10:57:24,21.96143758,25.51145917,1,65,,,1500000US060250111001,6,25,11100,1,1,BG,54.06200027,,,65,6025010600.0,"207 W Legion Rd, Brawley, CA 92227",X:  -115.55422 Y: 32.959953
1,2 - Location 2,2020-07-29 03:31:53,2020-07-29 03:41:08,2020-07-29 10:31:53,2020-07-29 10:41:08.000001,6.22754065,9.24616847,2,66,,,1500000US060250111002,6,25,11100,2,2,BG,23.32799911,,,66,6025011700.0,"1415 Ross Ave, El Centro, CA 92243",X:  -115.56864 Y: 32.781487
2,2 - Location 1,2020-07-29 03:31:53,2020-07-29 03:49:48,2020-07-29 10:31:53,2020-07-29 10:49:48,15.06190451,17.91163836,1,66,,,1500000US060250111002,6,25,11100,2,2,BG,23.32799911,,,66,6025010600.0,"207 W Legion Rd, Brawley, CA 92227",X:  -115.55422 Y: 32.959953
1,1 - Location 2,2020-07-29 03:31:53,2020-07-29 03:36:23,2020-07-29 10:31:53,2020-07-29 10:36:23.000001,2.59937822,4.49493852,2,67,,,1500000US060250112011,6,25,11201,1,1,BG,2.64899993,,,67,6025011700.0,"1415 Ross Ave, El Centro, CA 92243",X:  -115.56864 Y: 32.781487
2,1 - Location 1,2020-07-29 03:31:53,2020-07-29 03:45:45,2020-07-29 10:31:53,2020-07-29 10:45:45.000001,11.62359255,13.87111577,1,67,,,1500000US060250112011,6,25,11201,1,1,BG,2.64899993,,,67,6025010600.0,"207 W Legion Rd, Brawley, CA 92227",X:  -115.55422 Y: 32.959953
1,2 - Location 2,2020-07-29 03:31:53,2020-07-29 03:38:42.000001,2020-07-29 10:31:53,2020-07-29 10:38:42,3.36078469,6.82358985,2,68,,,1500000US060250112012,6,25,11201,2,2,BG,2.92199993,,,68,6025011700.0,"1415 Ross Ave, El Centro, CA 92243",X:  -115.56864 Y: 32.781487
2,2 - Location 1,2020-07-29 03:31:53,2020-07-29 03:46:07,2020-07-29 10:31:53,2020-07-29 10:46:07,11.81847534,14.23795403,1,68,,,1500000US060250112012,6,25,11201,2,2,BG,2.92199993,,,68,6025010600.0,"207 W Legion Rd, Brawley, CA 92227",X:  -115.55422 Y: 32.959953
1,3 - Location 2,2020-07-29 03:31:53,2020-07-29 03:35:42,2020-07-29 10:31:53,2020-07-29 10:35:42,1.70169689,3.80832574,2,69,,,1500000US060250112023,6,25,11202,3,3,BG,0.132,,,69,6025011700.0,"1415 Ross Ave, El Centro, CA 92243",X:  -115.56864 Y: 32.781487
2,3 - Location 1,2020-07-29 03:31:53,2020-07-29 03:46:25,2020-07-29 10:31:53,2020-07-29 10:46:25,12.04385956,14.52829235,1,69,,,1500000US060250112023,6,25,11202,3,3,BG,0.132,,,69,6025010600.0,"207 W Legion Rd, Brawley, CA 92227",X:  -115.55422 Y: 32.959953
1,2 - Location 2,2020-07-29 03:31:53,2020-07-29 03:35:30,2020-07-29 10:31:53,2020-07-29 10:35:30,3.40263795,3.6130507,2,70,,,1500000US060250113002,6,25,11300,2,2,BG,6.53200006,,,70,6025011700.0,"1415 Ross Ave, El Centro, CA 92243",X:  -115.56864 Y: 32.781487
2,2 - Location 1,2020-07-29 03:31:53,2020-07-29 03:51:38,2020-07-29 10:31:53,2020-07-29 10:51:38,16.48359384,19.74382829,1,70,,,1500000US060250113002,6,25,11300,2,2,BG,6.53200006,,,70,6025010600.0,"207 W Legion Rd, Brawley, CA 92227",X:  -115.55422 Y: 32.959953
1,4 - Location 2,2020-07-29 03:31:53,2020-07-29 03:40:58,2020-07-29 10:31:53,2020-07-29 10:40:58,6.19562395,9.08363001,2,71,,,1500000US060250113004,6,25,11300,4,4,BG,0.79000002,,,71,6025011700.0,"1415 Ross Ave, El Centro, CA 92243",X:  -115.56864 Y: 32.781487
2,4 - Location 1,2020-07-29 03:31:53,2020-07-29 03:55:16,2020-07-29 10:31:53,2020-07-29 10:55:16,21.51748717,23.38693714,1,71,,,1500000US060250113004,6,25,11300,4,4,BG,0.79000002,,,71,6025010600.0,"207 W Legion Rd, Brawley, CA 92227",X:  -115.55422 Y: 32.959953
1,1 - Location 2,2020-07-29 03:31:53,2020-07-29 03:38:55,2020-07-29 10:31:53,2020-07-29 10:38:55,2.51795856,7.02704133,2,72,,,1500000US060250114001,6,25,11400,1,1,BG,0.73799998,,,72,6025011700.0,"1415 Ross Ave, El Centro, CA 92243",X:  -115.56864 Y: 32.781487
2,1 - Location 1,2020-07-29 03:31:53,2020-07-29 03:50:45,2020-07-29 10:31:53,2020-07-29 10:50:45,13.37524627,18.85807467,1,72,,,1500000US060250114001,6,25,11400,1,1,BG,0.73799998,,,72,6025010600.0,"207 W Legion Rd, Brawley, CA 92227",X:  -115.55422 Y: 32.959953
1,3 - Location 2,2020-07-29 03:31:53,2020-07-29 03:36:48,2020-07-29 10:31:53,2020-07-29 10:36:48,2.1216087,4.91117709,2,73,,,1500000US060250114003,6,25,11400,3,3,BG,0.61699998,,,73,6025011700.0,"1415 Ross Ave, El Centro, CA 92243",X:  -115.56864 Y: 32.781487
2,3 - Location 1,2020-07-29 03:31:53,2020-07-29 03:50:08,2020-07-29 10:31:53,2020-07-29 10:50:08,14.87058785,18.25658637,1,73,,,1500000US060250114003,6,25,11400,3,3,BG,0.61699998,,,73,6025010600.0,"207 W Legion Rd, Brawley, CA 92227",X:  -115.55422 Y: 32.959953
1,1 - Location 2,2020-07-29 03:31:53,2020-07-29 03:34:56.000001,2020-07-29 10:31:53,2020-07-29 10:34:56,1.38968851,3.05712003,2,74,,,1500000US060250115001,6,25,11500,1,1,BG,0.273,,,74,6025011700.0,"1415 Ross Ave, El Centro, CA 92243",X:  -115.56864 Y: 32.781487
2,1 - Location 1,2020-07-29 03:31:53,2020-07-29 03:47:25,2020-07-29 10:31:53,2020-07-29 10:47:25,12.73216368,15.539831,1,74,,,1500000US060250115001,6,25,11500,1,1,BG,0.273,,,74,6025010600.0,"207 W Legion Rd, Brawley, CA 92227",X:  -115.55422 Y: 32.959953
1,3 - Location 2,2020-07-29 03:31:53,2020-07-29 03:35:59,2020-07-29 10:31:53,2020-07-29 10:35:59.000001,1.99748478,4.10416902,2,75,,,1500000US060250115003,6,25,11500,3,3,BG,0.111,,,75,6025011700.0,"1415 Ross Ave, El Centro, CA 92243",X:  -115.56864 Y: 32.781487
2,3 - Location 1,2020-07-29 03:31:53,2020-07-29 03:47:54,2020-07-29 10:31:53,2020-07-29 10:47:54,12.70984144,16.01907396,1,75,,,1500000US060250115003,6,25,11500,3,3,BG,0.111,,,75,6025010600.0,"207 W Legion Rd, Brawley, CA 92227",X:  -115.55422 Y: 32.959953
1,4 - Location 2,2020-07-29 03:31:53,2020-07-29 03:35:50.000001,2020-07-29 10:31:53,2020-07-29 10:35:50,1.96401976,3.94777274,2,76,,,1500000US060250115004,6,25,11500,4,4,BG,0.29300001,,,76,6025011700.0,"1415 Ross Ave, El Centro, CA 92243",X:  -115.56864 Y: 32.781487
2,4 - Location 1,2020-07-29 03:31:53,2020-07-29 03:46:46.000001,2020-07-29 10:31:53,2020-07-29 10:46:46,12.2064974,14.8826402,1,76,,,1500000US060250115004,6,25,11500,4,4,BG,0.29300001,,,76,6025010600.0,"207 W Legion Rd, Brawley, CA 92227",X:  -115.55422 Y: 32.959953
1,2 - Location 2,2020-07-29 03:31:53,2020-07-29 03:34:44,2020-07-29 10:31:53,2020-07-29 10:34:44,1.26503032,2.85736451,2,77,,,1500000US060250116002,6,25,11600,2,2,BG,0.213,,,77,6025011700.0,"1415 Ross Ave, El Centro, CA 92243",X:  -115.56864 Y: 32.781487
2,2 - Location 1,2020-07-29 03:31:53,2020-07-29 03:48:52,2020-07-29 10:31:53,2020-07-29 10:48:52,13.2997972,16.989349,1,77,,,1500000US060250116002,6,25,11600,2,2,BG,0.213,,,77,6025010600.0,"207 W Legion Rd, Brawley, CA 92227",X:  -115.55422 Y: 32.959953
1,3 - Location 2,2020-07-29 03:31:53,2020-07-29 03:33:46,2020-07-29 10:31:53,2020-07-29 10:33:46,0.86667823,1.87826087,2,78,,,1500000US060250116003,6,25,11600,3,3,BG,0.21799999,,,78,6025011700.0,"1415 Ross Ave, El Centro, CA 92243",X:  -115.56864 Y: 32.781487
2,3 - Location 1,2020-07-29 03:31:53,2020-07-29 03:47:48.000001,2020-07-29 10:31:53,2020-07-29 10:47:48,12.81456064,15.91226655,1,78,,,1500000US060250116003,6,25,11600,3,3,BG,0.21799999,,,78,6025010600.0,"207 W Legion Rd, Brawley, CA 92227",X:  -115.55422 Y: 32.959953
1,4 - Location 2,2020-07-29 03:31:53,2020-07-29 03:33:53,2020-07-29 10:31:53,2020-07-29 10:33:53,0.87386523,1.99503766,2,79,,,1500000US060250116004,6,25,11600,4,4,BG,0.19,,,79,6025011700.0,"1415 Ross Ave, El Centro, CA 92243",X:  -115.56864 Y: 32.781487
2,4 - Location 1,2020-07-29 03:31:53,2020-07-29 03:49:53,2020-07-29 10:31:53,2020-07-29 10:49:53,13.69227003,17.9961968,1,79,,,1500000US060250116004,6,25,11600,4,4,BG,0.19,,,79,6025010600.0,"207 W Legion Rd, Brawley, CA 92227",X:  -115.55422 Y: 32.959953
1,2 - Location 2,2020-07-29 03:31:53,2020-07-29 03:33:18,2020-07-29 10:31:53,2020-07-29 10:33:18,0.57664525,1.41551416,2,80,,,1500000US060250117002,6,25,11700,2,2,BG,0.255,,,80,6025011700.0,"1415 Ross Ave, El Centro, CA 92243",X:  -115.56864 Y: 32.781487
2,2 - Location 1,2020-07-29 03:31:53,2020-07-29 03:49:26,2020-07-29 10:31:53,2020-07-29 10:49:26,13.65760113,17.54629175,1,80,,,1500000US060250117002,6,25,11700,2,2,BG,0.255,,,80,6025010600.0,"207 W Legion Rd, Brawley, CA 92227",X:  -115.55422 Y: 32.959953
1,3 - Location 2,2020-07-29 03:31:53,2020-07-29 03:33:46,2020-07-29 10:31:53,2020-07-29 10:33:46,0.84110082,1.88988941,2,81,,,1500000US060250117003,6,25,11700,3,3,BG,0.20999999,,,81,6025011700.0,"1415 Ross Ave, El Centro, CA 92243",X:  -115.56864 Y: 32.781487
2,3 - Location 1,2020-07-29 03:31:53,2020-07-29 03:50:12,2020-07-29 10:31:53,2020-07-29 10:50:12,14.04430234,18.31190677,1,81,,,1500000US060250117003,6,25,11700,3,3,BG,0.20999999,,,81,6025010600.0,"207 W Legion Rd, Brawley, CA 92227",X:  -115.55422 Y: 32.959953
1,2 - Location 2,2020-07-29 03:31:53,2020-07-29 03:34:57,2020-07-29 10:31:53,2020-07-29 10:34:57.000001,1.41176077,3.061628,2,82,,,1500000US060250118012,6,25,11801,2,2,BG,1.03799999,,,82,6025011700.0,"1415 Ross Ave, El Centro, CA 92243",X:  -115.56864 Y: 32.781487
2,2 - Location 1,2020-07-29 03:31:53,2020-07-29 03:48:57,2020-07-29 10:31:53,2020-07-29 10:48:57,14.15310866,17.05914076,1,82,,,1500000US060250118012,6,25,11801,2,2,BG,1.03799999,,,82,6025010600.0,"207 W Legion Rd, Brawley, CA 92227",X:  -115.55422 Y: 32.959953
1,1 - Location 2,2020-07-29 03:31:53,2020-07-29 03:34:42,2020-07-29 10:31:53,2020-07-29 10:34:42,1.00298861,2.81102755,2,83,,,1500000US060250118021,6,25,11802,1,1,BG,0.12800001,,,83,6025011700.0,"1415 Ross Ave, El Centro, CA 92243",X:  -115.56864 Y: 32.781487
2,1 - Location 1,2020-07-29 03:31:53,2020-07-29 03:48:46,2020-07-29 10:31:53,2020-07-29 10:48:46,12.95990577,16.87670426,1,83,,,1500000US060250118021,6,25,11802,1,1,BG,0.12800001,,,83,6025010600.0,"207 W Legion Rd, Brawley, CA 92227",X:  -115.55422 Y: 32.959953
1,2 - Location 2,2020-07-29 03:31:53,2020-07-29 03:33:39,2020-07-29 10:31:53,2020-07-29 10:33:39.000001,0.74328008,1.76976551,2,84,,,1500000US060250118022,6,25,11802,2,2,BG,0.119,,,84,6025011700.0,"1415 Ross Ave, El Centro, CA 92243",X:  -115.56864 Y: 32.781487
2,2 - Location 1,2020-07-29 03:31:53,2020-07-29 03:49:47,2020-07-29 10:31:53,2020-07-29 10:49:47.000001,13.82423596,17.9005431,1,84,,,1500000US060250118022,6,25,11802,2,2,BG,0.119,,,84,6025010600.0,"207 W Legion Rd, Brawley, CA 92227",X:  -115.55422 Y: 32.959953
1,4 - Location 2,2020-07-29 03:31:53,2020-07-29 03:32:58,2020-07-29 10:31:53,2020-07-29 10:32:58,0.44994825,1.0806761,2,85,,,1500000US060250118024,6,25,11802,4,4,BG,0.147,,,85,6025011700.0,"1415 Ross Ave, El Centro, CA 92243",X:  -115.56864 Y: 32.781487
2,4 - Location 1,2020-07-29 03:31:53,2020-07-29 03:49:06.000001,2020-07-29 10:31:53,2020-07-29 10:49:06,13.53090414,17.21145368,1,85,,,1500000US060250118024,6,25,11802,4,4,BG,0.147,,,85,6025010600.0,"207 W Legion Rd, Brawley, CA 92227",X:  -115.55422 Y: 32.959953
1,1 - Location 2,2020-07-29 03:31:53,2020-07-29 03:35:48,2020-07-29 10:31:53,2020-07-29 10:35:48.000001,2.06248622,3.90944366,2,86,,,1500000US060250118031,6,25,11803,1,1,BG,4.8119998,,,86,6025011700.0,"1415 Ross Ave, El Centro, CA 92243",X:  -115.56864 Y: 32.781487
2,1 - Location 1,2020-07-29 03:31:53,2020-07-29 03:52:13,2020-07-29 10:31:53,2020-07-29 10:52:13,15.26568774,20.33146102,1,86,,,1500000US060250118031,6,25,11803,1,1,BG,4.8119998,,,86,6025010600.0,"207 W Legion Rd, Brawley, CA 92227",X:  -115.55422 Y: 32.959953
1,1 - Location 2,2020-07-29 03:31:53,2020-07-29 03:42:04,2020-07-29 10:31:53,2020-07-29 10:42:04,7.15664342,10.18835949,2,87,,,1500000US060250119001,6,25,11900,1,1,BG,43.16199875,,,87,6025011700.0,"1415 Ross Ave, El Centro, CA 92243",X:  -115.56864 Y: 32.781487
2,1 - Location 1,2020-07-29 03:31:53,2020-07-29 03:57:19,2020-07-29 10:31:53,2020-07-29 10:57:19.000001,21.34728115,25.43927694,1,87,,,1500000US060250119001,6,25,11900,1,1,BG,43.16199875,,,87,6025010600.0,"207 W Legion Rd, Brawley, CA 92227",X:  -115.55422 Y: 32.959953
1,2 - Location 2,2020-07-29 03:31:53,2020-07-29 03:50:00,2020-07-29 10:31:53,2020-07-29 10:50:00,17.32239843,18.11038362,2,88,,,1500000US060250119002,6,25,11900,2,2,BG,31.23399925,,,88,6025011700.0,"1415 Ross Ave, El Centro, CA 92243",X:  -115.56864 Y: 32.781487
2,2 - Location 1,2020-07-29 03:31:53,2020-07-29 04:03:43,2020-07-29 10:31:53,2020-07-29 11:03:43,30.03982498,31.83750538,1,88,,,1500000US060250119002,6,25,11900,2,2,BG,31.23399925,,,88,6025010600.0,"207 W Legion Rd, Brawley, CA 92227",X:  -115.55422 Y: 32.959953
1,3 - Location 2,2020-07-29 03:31:53,2020-07-29 03:44:10.000001,2020-07-29 10:31:53,2020-07-29 10:44:10,11.18127339,12.28267752,2,89,,,1500000US060250119003,6,25,11900,3,3,BG,12.4289999,,,89,6025011700.0,"1415 Ross Ave, El Centro, CA 92243",X:  -115.56864 Y: 32.781487
2,3 - Location 1,2020-07-29 03:31:53,2020-07-29 03:57:45.000001,2020-07-29 10:31:53,2020-07-29 10:57:45,24.13682552,25.86918617,1,89,,,1500000US060250119003,6,25,11900,3,3,BG,12.4289999,,,89,6025010600.0,"207 W Legion Rd, Brawley, CA 92227",X:  -115.55422 Y: 32.959953
1,1 - Location 2,2020-07-29 03:31:53,2020-07-29 03:47:24,2020-07-29 10:31:53,2020-07-29 10:47:24,13.03451134,15.51327634,2,90,,,1500000US060250120021,6,25,12002,1,1,BG,1.36800003,,,90,6025011700.0,"1415 Ross Ave, El Centro, CA 92243",X:  -115.56864 Y: 32.781487
2,1 - Location 1,2020-07-29 03:31:53,2020-07-29 04:00:36,2020-07-29 10:31:53,2020-07-29 11:00:36,25.6420412,28.7220474,1,90,,,1500000US060250120021,6,25,12002,1,1,BG,1.36800003,,,90,6025010600.0,"207 W Legion Rd, Brawley, CA 92227",X:  -115.55422 Y: 32.959953
1,2 - Location 2,2020-07-29 03:31:53,2020-07-29 03:46:20,2020-07-29 10:31:53,2020-07-29 10:46:20.000001,11.99895633,14.44483925,2,91,,,1500000US060250120022,6,25,12002,2,2,BG,0.52600002,,,91,6025011700.0,"1415 Ross Ave, El Centro, CA 92243",X:  -115.56864 Y: 32.781487
2,2 - Location 1,2020-07-29 03:31:53,2020-07-29 03:59:32,2020-07-29 10:31:53,2020-07-29 10:59:32,24.6064862,27.65361032,1,91,,,1500000US060250120022,6,25,12002,2,2,BG,0.52600002,,,91,6025010600.0,"207 W Legion Rd, Brawley, CA 92227",X:  -115.55422 Y: 32.959953
1,1 - Location 2,2020-07-29 03:31:53,2020-07-29 03:44:20,2020-07-29 10:31:53,2020-07-29 10:44:20,11.39190337,12.44692112,2,92,,,1500000US060250121001,6,25,12100,1,1,BG,0.146,,,92,6025011700.0,"1415 Ross Ave, El Centro, CA 92243",X:  -115.56864 Y: 32.781487
2,1 - Location 1,2020-07-29 03:31:53,2020-07-29 03:57:32,2020-07-29 10:31:53,2020-07-29 10:57:32,23.99943324,25.65569219,1,92,,,1500000US060250121001,6,25,12100,1,1,BG,0.146,,,92,6025010600.0,"207 W Legion Rd, Brawley, CA 92227",X:  -115.55422 Y: 32.959953
1,3 - Location 2,2020-07-29 03:31:53,2020-07-29 03:46:30.000001,2020-07-29 10:31:53,2020-07-29 10:46:30,12.12164286,14.6116186,2,93,,,1500000US060250121003,6,25,12100,3,3,BG,0.25999999,,,93,6025011700.0,"1415 Ross Ave, El Centro, CA 92243",X:  -115.56864 Y: 32.781487
2,3 - Location 1,2020-07-29 03:31:53,2020-07-29 03:59:42,2020-07-29 10:31:53,2020-07-29 10:59:42,24.72917272,27.82038967,1,93,,,1500000US060250121003,6,25,12100,3,3,BG,0.25999999,,,93,6025010600.0,"207 W Legion Rd, Brawley, CA 92227",X:  -115.55422 Y: 32.959953
1,1 - Location 2,2020-07-29 03:31:53,2020-07-29 03:39:12,2020-07-29 10:31:53,2020-07-29 10:39:12,6.81985019,7.32039814,2,94,,,1500000US060250113001,6,25,11300,1,1,BG,42.16699982,,,94,6025011700.0,"1415 Ross Ave, El Centro, CA 92243",X:  -115.56864 Y: 32.781487
2,1 - Location 1,2020-07-29 03:31:53,2020-07-29 03:51:37,2020-07-29 10:31:53,2020-07-29 10:51:37,18.34481315,19.72731079,1,94,,,1500000US060250113001,6,25,11300,1,1,BG,42.16699982,,,94,6025010600.0,"207 W Legion Rd, Brawley, CA 92227",X:  -115.55422 Y: 32.959953
1,1 - Location 2,2020-07-29 03:31:53,2020-07-29 03:34:32.000001,2020-07-29 10:31:53,2020-07-29 10:34:32,1.34857258,2.641506,2,95,,,1500000US060250112021,6,25,11202,1,1,BG,0.24699999,,,95,6025011700.0,"1415 Ross Ave, El Centro, CA 92243",X:  -115.56864 Y: 32.781487
2,1 - Location 1,2020-07-29 03:31:53,2020-07-29 03:46:34,2020-07-29 10:31:53,2020-07-29 10:46:34,12.36183645,14.68817735,1,95,,,1500000US060250112021,6,25,11202,1,1,BG,0.24699999,,,95,6025010600.0,"207 W Legion Rd, Brawley, CA 92227",X:  -115.55422 Y: 32.959953
1,2 - Location 2,2020-07-29 03:31:53,2020-07-29 03:36:02,2020-07-29 10:31:53,2020-07-29 10:36:02,2.09089507,4.14292068,2,96,,,1500000US060250112022,6,25,11202,2,2,BG,0.25999999,,,96,6025011700.0,"1415 Ross Ave, El Centro, CA 92243",X:  -115.56864 Y: 32.781487
2,2 - Location 1,2020-07-29 03:31:53,2020-07-29 03:45:51,2020-07-29 10:31:53,2020-07-29 10:45:51,11.63243695,13.96942643,1,96,,,1500000US060250112022,6,25,11202,2,2,BG,0.25999999,,,96,6025010600.0,"207 W Legion Rd, Brawley, CA 92227",X:  -115.55422 Y: 32.959953
