From_ID,To_ID,NearRank,From_GEO_ID,From_STATE,From_COUNTY,From_TRACT,From_BLKGRP,From_Name,From_LSAD,From_CENSUSAREA,From_Shape__Area,From_Shape__Length,From_ORIG_FID,To_geoid,To_hos_address,To_hos_coordinates,Total_Miles
1,2,1,1500000US060250121004,6,25,12100,4,4,BG,0.403,,,1,6025011700.0,"1415 Ross Ave, El Centro, CA 92243",X:  -115.56864 Y: 32.781487,7.87901736
1,1,2,1500000US060250121004,6,25,12100,4,4,BG,0.403,,,1,6025010600.0,"207 W Legion Rd, Brawley, CA 92227",X:  -115.55422 Y: 32.959953,19.31245234
2,2,1,1500000US060250122001,6,25,12200,1,1,BG,0.68300003,,,2,6025011700.0,"1415 Ross Ave, El Centro, CA 92243",X:  -115.56864 Y: 32.781487,8.03187481
2,1,2,1500000US060250122001,6,25,12200,1,1,BG,0.68300003,,,2,6025010600.0,"207 W Legion Rd, Brawley, CA 92227",X:  -115.55422 Y: 32.959953,19.66908938
3,2,1,1500000US060250122002,6,25,12200,2,2,BG,0.223,,,3,6025011700.0,"1415 Ross Ave, El Centro, CA 92243",X:  -115.56864 Y: 32.781487,7.43890974
3,1,2,1500000US060250122002,6,25,12200,2,2,BG,0.223,,,3,6025010600.0,"207 W Legion Rd, Brawley, CA 92227",X:  -115.55422 Y: 32.959953,19.21479298
4,2,1,1500000US060250122003,6,25,12200,3,3,BG,0.94400001,,,4,6025011700.0,"1415 Ross Ave, El Centro, CA 92243",X:  -115.56864 Y: 32.781487,8.337602
4,1,2,1500000US060250122003,6,25,12200,3,3,BG,0.94400001,,,4,6025010600.0,"207 W Legion Rd, Brawley, CA 92227",X:  -115.55422 Y: 32.959953,20.17835004
5,2,1,1500000US060250122004,6,25,12200,4,4,BG,0.154,,,5,6025011700.0,"1415 Ross Ave, El Centro, CA 92243",X:  -115.56864 Y: 32.781487,7.84622717
5,1,2,1500000US060250122004,6,25,12200,4,4,BG,0.154,,,5,6025010600.0,"207 W Legion Rd, Brawley, CA 92227",X:  -115.55422 Y: 32.959953,19.6035888
6,1,1,1500000US060250123021,6,25,12302,1,1,BG,1.85699999,,,6,6025010600.0,"207 W Legion Rd, Brawley, CA 92227",X:  -115.55422 Y: 32.959953,41.25828923
6,2,2,1500000US060250123021,6,25,12302,1,1,BG,1.85699999,,,6,6025011700.0,"1415 Ross Ave, El Centro, CA 92243",X:  -115.56864 Y: 32.781487,50.72143791
7,1,1,1500000US060250124002,6,25,12400,2,2,BG,2184.52587891,,,7,6025010600.0,"207 W Legion Rd, Brawley, CA 92227",X:  -115.55422 Y: 32.959953,32.74423226
7,2,2,1500000US060250124002,6,25,12400,2,2,BG,2184.52587891,,,7,6025011700.0,"1415 Ross Ave, El Centro, CA 92243",X:  -115.56864 Y: 32.781487,38.51866081
8,1,1,1500000US060250101022,6,25,10102,2,2,BG,0.61900002,,,8,6025010600.0,"207 W Legion Rd, Brawley, CA 92227",X:  -115.55422 Y: 32.959953,11.45260599
8,2,2,1500000US060250101022,6,25,10102,2,2,BG,0.61900002,,,8,6025011700.0,"1415 Ross Ave, El Centro, CA 92243",X:  -115.56864 Y: 32.781487,23.67095333
9,1,1,1500000US060250101024,6,25,10102,4,4,BG,0.56900001,,,9,6025010600.0,"207 W Legion Rd, Brawley, CA 92227",X:  -115.55422 Y: 32.959953,11.83882339
9,2,2,1500000US060250101024,6,25,10102,4,4,BG,0.56900001,,,9,6025011700.0,"1415 Ross Ave, El Centro, CA 92243",X:  -115.56864 Y: 32.781487,24.10179791
10,1,1,1500000US060250104001,6,25,10400,1,1,BG,0.168,,,10,6025010600.0,"207 W Legion Rd, Brawley, CA 92227",X:  -115.55422 Y: 32.959953,2.51100034
10,2,2,1500000US060250104001,6,25,10400,1,1,BG,0.168,,,10,6025011700.0,"1415 Ross Ave, El Centro, CA 92243",X:  -115.56864 Y: 32.781487,14.13269581
11,1,1,1500000US060250104004,6,25,10400,4,4,BG,1.15600002,,,11,6025010600.0,"207 W Legion Rd, Brawley, CA 92227",X:  -115.55422 Y: 32.959953,3.06269423
11,2,2,1500000US060250104004,6,25,10400,4,4,BG,1.15600002,,,11,6025011700.0,"1415 Ross Ave, El Centro, CA 92243",X:  -115.56864 Y: 32.781487,14.71667161
12,1,1,1500000US060250105002,6,25,10500,2,2,BG,0.15700001,,,12,6025010600.0,"207 W Legion Rd, Brawley, CA 92227",X:  -115.55422 Y: 32.959953,1.67849522
12,2,2,1500000US060250105002,6,25,10500,2,2,BG,0.15700001,,,12,6025011700.0,"1415 Ross Ave, El Centro, CA 92243",X:  -115.56864 Y: 32.781487,13.812626
13,1,1,1500000US060250106003,6,25,10600,3,3,BG,0.405,,,13,6025010600.0,"207 W Legion Rd, Brawley, CA 92227",X:  -115.55422 Y: 32.959953,1.0616918
13,2,2,1500000US060250106003,6,25,10600,3,3,BG,0.405,,,13,6025011700.0,"1415 Ross Ave, El Centro, CA 92243",X:  -115.56864 Y: 32.781487,13.35900317
14,1,1,1500000US060250107002,6,25,10700,2,2,BG,0.183,,,14,6025010600.0,"207 W Legion Rd, Brawley, CA 92227",X:  -115.55422 Y: 32.959953,2.17857778
14,2,2,1500000US060250107002,6,25,10700,2,2,BG,0.183,,,14,6025011700.0,"1415 Ross Ave, El Centro, CA 92243",X:  -115.56864 Y: 32.781487,13.55463497
15,2,1,1500000US060250109002,6,25,10900,2,2,BG,0.215,,,15,6025011700.0,"1415 Ross Ave, El Centro, CA 92243",X:  -115.56864 Y: 32.781487,11.98680249
15,1,2,1500000US060250109002,6,25,10900,2,2,BG,0.215,,,15,6025010600.0,"207 W Legion Rd, Brawley, CA 92227",X:  -115.55422 Y: 32.959953,14.64063326
16,2,1,1500000US060250109004,6,25,10900,4,4,BG,0.2,,,16,6025011700.0,"1415 Ross Ave, El Centro, CA 92243",X:  -115.56864 Y: 32.781487,11.02573903
16,1,2,1500000US060250109004,6,25,10900,4,4,BG,0.2,,,16,6025010600.0,"207 W Legion Rd, Brawley, CA 92227",X:  -115.55422 Y: 32.959953,13.9819401
17,2,1,1500000US060250110002,6,25,11000,2,2,BG,0.28099999,,,17,6025011700.0,"1415 Ross Ave, El Centro, CA 92243",X:  -115.56864 Y: 32.781487,4.76500769
17,1,2,1500000US060250110002,6,25,11000,2,2,BG,0.28099999,,,17,6025010600.0,"207 W Legion Rd, Brawley, CA 92227",X:  -115.55422 Y: 32.959953,7.54339465
18,2,1,1500000US060250111003,6,25,11100,3,3,BG,0.46700001,,,18,6025011700.0,"1415 Ross Ave, El Centro, CA 92243",X:  -115.56864 Y: 32.781487,7.11875497
18,1,2,1500000US060250111003,6,25,11100,3,3,BG,0.46700001,,,18,6025010600.0,"207 W Legion Rd, Brawley, CA 92227",X:  -115.55422 Y: 32.959953,13.92026946
19,2,1,1500000US060250113003,6,25,11300,3,3,BG,0.20999999,,,19,6025011700.0,"1415 Ross Ave, El Centro, CA 92243",X:  -115.56864 Y: 32.781487,3.93253841
19,1,2,1500000US060250113003,6,25,11300,3,3,BG,0.20999999,,,19,6025010600.0,"207 W Legion Rd, Brawley, CA 92227",X:  -115.55422 Y: 32.959953,15.59223441
20,2,1,1500000US060250114002,6,25,11400,2,2,BG,0.177,,,20,6025011700.0,"1415 Ross Ave, El Centro, CA 92243",X:  -115.56864 Y: 32.781487,1.10899299
20,1,2,1500000US060250114002,6,25,11400,2,2,BG,0.177,,,20,6025010600.0,"207 W Legion Rd, Brawley, CA 92227",X:  -115.55422 Y: 32.959953,11.95872445
21,2,1,1500000US060250115002,6,25,11500,2,2,BG,0.114,,,21,6025011700.0,"1415 Ross Ave, El Centro, CA 92243",X:  -115.56864 Y: 32.781487,1.1633059
21,1,2,1500000US060250115002,6,25,11500,2,2,BG,0.114,,,21,6025010600.0,"207 W Legion Rd, Brawley, CA 92227",X:  -115.55422 Y: 32.959953,11.14034135
22,2,1,1500000US060250116001,6,25,11600,1,1,BG,0.17,,,22,6025011700.0,"1415 Ross Ave, El Centro, CA 92243",X:  -115.56864 Y: 32.781487,0.25551311
22,1,2,1500000US060250116001,6,25,11600,1,1,BG,0.17,,,22,6025010600.0,"207 W Legion Rd, Brawley, CA 92227",X:  -115.55422 Y: 32.959953,12.11243905
23,2,1,1500000US060250117001,6,25,11700,1,1,BG,0.292,,,23,6025011700.0,"1415 Ross Ave, El Centro, CA 92243",X:  -115.56864 Y: 32.781487,1.14093907
23,1,2,1500000US060250117001,6,25,11700,1,1,BG,0.292,,,23,6025010600.0,"207 W Legion Rd, Brawley, CA 92227",X:  -115.55422 Y: 32.959953,12.54678155
24,2,1,1500000US060250118011,6,25,11801,1,1,BG,0.214,,,24,6025011700.0,"1415 Ross Ave, El Centro, CA 92243",X:  -115.56864 Y: 32.781487,0.82735928
24,1,2,1500000US060250118011,6,25,11801,1,1,BG,0.214,,,24,6025010600.0,"207 W Legion Rd, Brawley, CA 92227",X:  -115.55422 Y: 32.959953,12.1323758
25,2,1,1500000US060250118023,6,25,11802,3,3,BG,0.26800001,,,25,6025011700.0,"1415 Ross Ave, El Centro, CA 92243",X:  -115.56864 Y: 32.781487,0.43575943
25,1,2,1500000US060250118023,6,25,11802,3,3,BG,0.26800001,,,25,6025010600.0,"207 W Legion Rd, Brawley, CA 92227",X:  -115.55422 Y: 32.959953,11.92538201
26,2,1,1500000US060250120011,6,25,12001,1,1,BG,0.153,,,26,6025011700.0,"1415 Ross Ave, El Centro, CA 92243",X:  -115.56864 Y: 32.781487,9.18188046
26,1,2,1500000US060250120011,6,25,12001,1,1,BG,0.153,,,26,6025010600.0,"207 W Legion Rd, Brawley, CA 92227",X:  -115.55422 Y: 32.959953,20.48908964
27,2,1,1500000US060250120012,6,25,12001,2,2,BG,0.068,,,27,6025011700.0,"1415 Ross Ave, El Centro, CA 92243",X:  -115.56864 Y: 32.781487,8.97584
27,1,2,1500000US060250120012,6,25,12001,2,2,BG,0.068,,,27,6025010600.0,"207 W Legion Rd, Brawley, CA 92227",X:  -115.55422 Y: 32.959953,20.26102056
28,2,1,1500000US060250121002,6,25,12100,2,2,BG,0.219,,,28,6025011700.0,"1415 Ross Ave, El Centro, CA 92243",X:  -115.56864 Y: 32.781487,8.48472411
28,1,2,1500000US060250121002,6,25,12100,2,2,BG,0.219,,,28,6025010600.0,"207 W Legion Rd, Brawley, CA 92227",X:  -115.55422 Y: 32.959953,19.94782734
29,1,1,1500000US060250123011,6,25,12301,1,1,BG,907.94500732,,,29,6025010600.0,"207 W Legion Rd, Brawley, CA 92227",X:  -115.55422 Y: 32.959953,21.40029658
29,2,2,1500000US060250123011,6,25,12301,1,1,BG,907.94500732,,,29,6025011700.0,"1415 Ross Ave, El Centro, CA 92243",X:  -115.56864 Y: 32.781487,23.01160592
30,2,1,1500000US060250123012,6,25,12301,2,2,BG,7.9829998,,,30,6025011700.0,"1415 Ross Ave, El Centro, CA 92243",X:  -115.56864 Y: 32.781487,25.33791455
30,1,2,1500000US060250123012,6,25,12301,2,2,BG,7.9829998,,,30,6025010600.0,"207 W Legion Rd, Brawley, CA 92227",X:  -115.55422 Y: 32.959953,29.9249658
31,1,1,1500000US060250123022,6,25,12302,2,2,BG,10.11800003,,,31,6025010600.0,"207 W Legion Rd, Brawley, CA 92227",X:  -115.55422 Y: 32.959953,37.31941325
31,2,2,1500000US060250123022,6,25,12302,2,2,BG,10.11800003,,,31,6025011700.0,"1415 Ross Ave, El Centro, CA 92243",X:  -115.56864 Y: 32.781487,47.01245186
32,1,1,1500000US060250123023,6,25,12302,3,3,BG,52.66999817,,,32,6025010600.0,"207 W Legion Rd, Brawley, CA 92227",X:  -115.55422 Y: 32.959953,26.32923648
32,2,2,1500000US060250123023,6,25,12302,3,3,BG,52.66999817,,,32,6025011700.0,"1415 Ross Ave, El Centro, CA 92243",X:  -115.56864 Y: 32.781487,36.18652455
33,1,1,1500000US060250124001,6,25,12400,1,1,BG,44.46099854,,,33,6025010600.0,"207 W Legion Rd, Brawley, CA 92227",X:  -115.55422 Y: 32.959953,29.46260748
33,2,2,1500000US060250124001,6,25,12400,1,1,BG,44.46099854,,,33,6025011700.0,"1415 Ross Ave, El Centro, CA 92243",X:  -115.56864 Y: 32.781487,40.80743536
34,2,1,1500000US060259400001,6,25,940000,1,1,BG,26.9470005,,,34,6025011700.0,"1415 Ross Ave, El Centro, CA 92243",X:  -115.56864 Y: 32.781487,59.09714206
34,1,2,1500000US060259400001,6,25,940000,1,1,BG,26.9470005,,,34,6025010600.0,"207 W Legion Rd, Brawley, CA 92227",X:  -115.55422 Y: 32.959953,59.28184908
35,2,1,1500000US060259400002,6,25,940000,2,2,BG,12.3579998,,,35,6025011700.0,"1415 Ross Ave, El Centro, CA 92243",X:  -115.56864 Y: 32.781487,54.43205145
35,1,2,1500000US060259400002,6,25,940000,2,2,BG,12.3579998,,,35,6025010600.0,"207 W Legion Rd, Brawley, CA 92227",X:  -115.55422 Y: 32.959953,55.22768692
36,2,1,1500000US060259400003,6,25,940000,3,3,BG,4.71400023,,,36,6025011700.0,"1415 Ross Ave, El Centro, CA 92243",X:  -115.56864 Y: 32.781487,52.50575181
36,1,2,1500000US060259400003,6,25,940000,3,3,BG,4.71400023,,,36,6025010600.0,"207 W Legion Rd, Brawley, CA 92227",X:  -115.55422 Y: 32.959953,53.68794072
37,1,1,1500000US060250101011,6,25,10101,1,1,BG,146.39900208,,,37,6025010600.0,"207 W Legion Rd, Brawley, CA 92227",X:  -115.55422 Y: 32.959953,16.63288235
37,2,2,1500000US060250101011,6,25,10101,1,1,BG,146.39900208,,,37,6025011700.0,"1415 Ross Ave, El Centro, CA 92243",X:  -115.56864 Y: 32.781487,28.7423536
38,1,1,1500000US060250101021,6,25,10102,1,1,BG,88.68699646,,,38,6025010600.0,"207 W Legion Rd, Brawley, CA 92227",X:  -115.55422 Y: 32.959953,16.5129218
38,2,2,1500000US060250101021,6,25,10102,1,1,BG,88.68699646,,,38,6025011700.0,"1415 Ross Ave, El Centro, CA 92243",X:  -115.56864 Y: 32.781487,28.51390335
39,1,1,1500000US060250101023,6,25,10102,3,3,BG,0.41600001,,,39,6025010600.0,"207 W Legion Rd, Brawley, CA 92227",X:  -115.55422 Y: 32.959953,11.30576417
39,2,2,1500000US060250101023,6,25,10102,3,3,BG,0.41600001,,,39,6025011700.0,"1415 Ross Ave, El Centro, CA 92243",X:  -115.56864 Y: 32.781487,23.57429227
40,1,1,1500000US060250102001,6,25,10200,1,1,BG,71.91300201,,,40,6025010600.0,"207 W Legion Rd, Brawley, CA 92227",X:  -115.55422 Y: 32.959953,10.21501207
40,2,2,1500000US060250102001,6,25,10200,1,1,BG,71.91300201,,,40,6025011700.0,"1415 Ross Ave, El Centro, CA 92243",X:  -115.56864 Y: 32.781487,20.76784068
41,1,1,1500000US060250102002,6,25,10200,2,2,BG,0.49599999,,,41,6025010600.0,"207 W Legion Rd, Brawley, CA 92227",X:  -115.55422 Y: 32.959953,6.74978206
41,2,2,1500000US060250102002,6,25,10200,2,2,BG,0.49599999,,,41,6025011700.0,"1415 Ross Ave, El Centro, CA 92243",X:  -115.56864 Y: 32.781487,17.90358286
42,1,1,1500000US060250103001,6,25,10300,1,1,BG,180.54400635,,,42,6025010600.0,"207 W Legion Rd, Brawley, CA 92227",X:  -115.55422 Y: 32.959953,9.97955078
42,2,2,1500000US060250103001,6,25,10300,1,1,BG,180.54400635,,,42,6025011700.0,"1415 Ross Ave, El Centro, CA 92243",X:  -115.56864 Y: 32.781487,18.10156199
43,1,1,1500000US060250104002,6,25,10400,2,2,BG,0.16500001,,,43,6025010600.0,"207 W Legion Rd, Brawley, CA 92227",X:  -115.55422 Y: 32.959953,2.23865295
43,2,2,1500000US060250104002,6,25,10400,2,2,BG,0.16500001,,,43,6025011700.0,"1415 Ross Ave, El Centro, CA 92243",X:  -115.56864 Y: 32.781487,14.00090188
44,1,1,1500000US060250104003,6,25,10400,3,3,BG,0.15800001,,,44,6025010600.0,"207 W Legion Rd, Brawley, CA 92227",X:  -115.55422 Y: 32.959953,2.02429223
44,2,2,1500000US060250104003,6,25,10400,3,3,BG,0.15800001,,,44,6025011700.0,"1415 Ross Ave, El Centro, CA 92243",X:  -115.56864 Y: 32.781487,13.96786322
45,1,1,1500000US060250104005,6,25,10400,5,5,BG,0.73500001,,,45,6025010600.0,"207 W Legion Rd, Brawley, CA 92227",X:  -115.55422 Y: 32.959953,2.77171915
45,2,2,1500000US060250104005,6,25,10400,5,5,BG,0.73500001,,,45,6025011700.0,"1415 Ross Ave, El Centro, CA 92243",X:  -115.56864 Y: 32.781487,14.82915679
46,1,1,1500000US060250105001,6,25,10500,1,1,BG,0.542,,,46,6025010600.0,"207 W Legion Rd, Brawley, CA 92227",X:  -115.55422 Y: 32.959953,2.29810401
46,2,2,1500000US060250105001,6,25,10500,1,1,BG,0.542,,,46,6025011700.0,"1415 Ross Ave, El Centro, CA 92243",X:  -115.56864 Y: 32.781487,14.50031989
47,1,1,1500000US060250105003,6,25,10500,3,3,BG,0.382,,,47,6025010600.0,"207 W Legion Rd, Brawley, CA 92227",X:  -115.55422 Y: 32.959953,2.1275191
47,2,2,1500000US060250105003,6,25,10500,3,3,BG,0.382,,,47,6025011700.0,"1415 Ross Ave, El Centro, CA 92243",X:  -115.56864 Y: 32.781487,14.41444178
48,1,1,1500000US060250105004,6,25,10500,4,4,BG,0.31999999,,,48,6025010600.0,"207 W Legion Rd, Brawley, CA 92227",X:  -115.55422 Y: 32.959953,1.52061032
48,2,2,1500000US060250105004,6,25,10500,4,4,BG,0.31999999,,,48,6025011700.0,"1415 Ross Ave, El Centro, CA 92243",X:  -115.56864 Y: 32.781487,13.81628207
49,1,1,1500000US060250106001,6,25,10600,1,1,BG,0.236,,,49,6025010600.0,"207 W Legion Rd, Brawley, CA 92227",X:  -115.55422 Y: 32.959953,1.36188394
49,2,2,1500000US060250106001,6,25,10600,1,1,BG,0.236,,,49,6025011700.0,"1415 Ross Ave, El Centro, CA 92243",X:  -115.56864 Y: 32.781487,13.43048104
50,1,1,1500000US060250106002,6,25,10600,2,2,BG,0.31999999,,,50,6025010600.0,"207 W Legion Rd, Brawley, CA 92227",X:  -115.55422 Y: 32.959953,1.33249474
50,2,2,1500000US060250106002,6,25,10600,2,2,BG,0.31999999,,,50,6025011700.0,"1415 Ross Ave, El Centro, CA 92243",X:  -115.56864 Y: 32.781487,13.1553874
51,1,1,1500000US060250106004,6,25,10600,4,4,BG,2.37899995,,,51,6025010600.0,"207 W Legion Rd, Brawley, CA 92227",X:  -115.55422 Y: 32.959953,0.14917158
51,2,2,1500000US060250106004,6,25,10600,4,4,BG,2.37899995,,,51,6025011700.0,"1415 Ross Ave, El Centro, CA 92243",X:  -115.56864 Y: 32.781487,12.35624223
52,1,1,1500000US060250107001,6,25,10700,1,1,BG,0.234,,,52,6025010600.0,"207 W Legion Rd, Brawley, CA 92227",X:  -115.55422 Y: 32.959953,1.86262385
52,2,2,1500000US060250107001,6,25,10700,1,1,BG,0.234,,,52,6025011700.0,"1415 Ross Ave, El Centro, CA 92243",X:  -115.56864 Y: 32.781487,13.50122145
53,1,1,1500000US060250107003,6,25,10700,3,3,BG,1.76400006,,,53,6025010600.0,"207 W Legion Rd, Brawley, CA 92227",X:  -115.55422 Y: 32.959953,1.85516995
53,2,2,1500000US060250107003,6,25,10700,3,3,BG,1.76400006,,,53,6025011700.0,"1415 Ross Ave, El Centro, CA 92243",X:  -115.56864 Y: 32.781487,12.80216683
54,1,1,1500000US060250108001,6,25,10800,1,1,BG,89.06300354,,,54,6025010600.0,"207 W Legion Rd, Brawley, CA 92227",X:  -115.55422 Y: 32.959953,12.46967522
54,2,2,1500000US060250108001,6,25,10800,1,1,BG,89.06300354,,,54,6025011700.0,"1415 Ross Ave, El Centro, CA 92243",X:  -115.56864 Y: 32.781487,13.47875533
55,2,1,1500000US060250108002,6,25,10800,2,2,BG,22.90299988,,,55,6025011700.0,"1415 Ross Ave, El Centro, CA 92243",X:  -115.56864 Y: 32.781487,10.29822523
55,1,2,1500000US060250108002,6,25,10800,2,2,BG,22.90299988,,,55,6025010600.0,"207 W Legion Rd, Brawley, CA 92227",X:  -115.55422 Y: 32.959953,16.32260405
56,2,1,1500000US060250109001,6,25,10900,1,1,BG,5.23600006,,,56,6025011700.0,"1415 Ross Ave, El Centro, CA 92243",X:  -115.56864 Y: 32.781487,10.67996403
56,1,2,1500000US060250109001,6,25,10900,1,1,BG,5.23600006,,,56,6025010600.0,"207 W Legion Rd, Brawley, CA 92227",X:  -115.55422 Y: 32.959953,13.34970849
57,2,1,1500000US060250109003,6,25,10900,3,3,BG,0.164,,,57,6025011700.0,"1415 Ross Ave, El Centro, CA 92243",X:  -115.56864 Y: 32.781487,11.55810126
57,1,2,1500000US060250109003,6,25,10900,3,3,BG,0.164,,,57,6025010600.0,"207 W Legion Rd, Brawley, CA 92227",X:  -115.55422 Y: 32.959953,14.40798924
58,2,1,1500000US060250109005,6,25,10900,5,5,BG,0.29100001,,,58,6025011700.0,"1415 Ross Ave, El Centro, CA 92243",X:  -115.56864 Y: 32.781487,10.76390598
58,1,2,1500000US060250109005,6,25,10900,5,5,BG,0.29100001,,,58,6025010600.0,"207 W Legion Rd, Brawley, CA 92227",X:  -115.55422 Y: 32.959953,14.10376721
59,2,1,1500000US060250109006,6,25,10900,6,6,BG,0.145,,,59,6025011700.0,"1415 Ross Ave, El Centro, CA 92243",X:  -115.56864 Y: 32.781487,11.36821361
59,1,2,1500000US060250109006,6,25,10900,6,6,BG,0.145,,,59,6025010600.0,"207 W Legion Rd, Brawley, CA 92227",X:  -115.55422 Y: 32.959953,14.57140258
60,2,1,1500000US060250110001,6,25,11000,1,1,BG,0.192,,,60,6025011700.0,"1415 Ross Ave, El Centro, CA 92243",X:  -115.56864 Y: 32.781487,4.81492361
60,1,2,1500000US060250110001,6,25,11000,1,1,BG,0.192,,,60,6025010600.0,"207 W Legion Rd, Brawley, CA 92227",X:  -115.55422 Y: 32.959953,7.57110609
61,2,1,1500000US060250110003,6,25,11000,3,3,BG,0.64399999,,,61,6025011700.0,"1415 Ross Ave, El Centro, CA 92243",X:  -115.56864 Y: 32.781487,3.90740178
61,1,2,1500000US060250110003,6,25,11000,3,3,BG,0.64399999,,,61,6025010600.0,"207 W Legion Rd, Brawley, CA 92227",X:  -115.55422 Y: 32.959953,8.397881
62,2,1,1500000US060250110004,6,25,11000,4,4,BG,0.78100002,,,62,6025011700.0,"1415 Ross Ave, El Centro, CA 92243",X:  -115.56864 Y: 32.781487,3.81798701
62,1,2,1500000US060250110004,6,25,11000,4,4,BG,0.78100002,,,62,6025010600.0,"207 W Legion Rd, Brawley, CA 92227",X:  -115.55422 Y: 32.959953,8.56007568
63,2,1,1500000US060250110005,6,25,11000,5,5,BG,2.55299997,,,63,6025011700.0,"1415 Ross Ave, El Centro, CA 92243",X:  -115.56864 Y: 32.781487,4.43169204
63,1,2,1500000US060250110005,6,25,11000,5,5,BG,2.55299997,,,63,6025010600.0,"207 W Legion Rd, Brawley, CA 92227",X:  -115.55422 Y: 32.959953,8.23523294
64,1,1,1500000US060250110006,6,25,11000,6,6,BG,65.0759964,,,64,6025010600.0,"207 W Legion Rd, Brawley, CA 92227",X:  -115.55422 Y: 32.959953,6.88766889
64,2,2,1500000US060250110006,6,25,11000,6,6,BG,65.0759964,,,64,6025011700.0,"1415 Ross Ave, El Centro, CA 92243",X:  -115.56864 Y: 32.781487,7.10515094
65,2,1,1500000US060250111001,6,25,11100,1,1,BG,54.06200027,,,65,6025011700.0,"1415 Ross Ave, El Centro, CA 92243",X:  -115.56864 Y: 32.781487,7.17662594
65,1,2,1500000US060250111001,6,25,11100,1,1,BG,54.06200027,,,65,6025010600.0,"207 W Legion Rd, Brawley, CA 92227",X:  -115.55422 Y: 32.959953,16.59661959
66,2,1,1500000US060250111002,6,25,11100,2,2,BG,23.32799911,,,66,6025011700.0,"1415 Ross Ave, El Centro, CA 92243",X:  -115.56864 Y: 32.781487,4.75493229
66,1,2,1500000US060250111002,6,25,11100,2,2,BG,23.32799911,,,66,6025010600.0,"207 W Legion Rd, Brawley, CA 92227",X:  -115.55422 Y: 32.959953,11.82319098
67,2,1,1500000US060250112011,6,25,11201,1,1,BG,2.64899993,,,67,6025011700.0,"1415 Ross Ave, El Centro, CA 92243",X:  -115.56864 Y: 32.781487,2.22429263
67,1,2,1500000US060250112011,6,25,11201,1,1,BG,2.64899993,,,67,6025010600.0,"207 W Legion Rd, Brawley, CA 92227",X:  -115.55422 Y: 32.959953,10.39258373
68,2,1,1500000US060250112012,6,25,11201,2,2,BG,2.92199993,,,68,6025011700.0,"1415 Ross Ave, El Centro, CA 92243",X:  -115.56864 Y: 32.781487,2.47070464
68,1,2,1500000US060250112012,6,25,11201,2,2,BG,2.92199993,,,68,6025010600.0,"207 W Legion Rd, Brawley, CA 92227",X:  -115.55422 Y: 32.959953,9.98016201
69,2,1,1500000US060250112023,6,25,11202,3,3,BG,0.132,,,69,6025011700.0,"1415 Ross Ave, El Centro, CA 92243",X:  -115.56864 Y: 32.781487,1.4341591
69,1,2,1500000US060250112023,6,25,11202,3,3,BG,0.132,,,69,6025010600.0,"207 W Legion Rd, Brawley, CA 92227",X:  -115.55422 Y: 32.959953,10.93717736
70,2,1,1500000US060250113002,6,25,11300,2,2,BG,6.53200006,,,70,6025011700.0,"1415 Ross Ave, El Centro, CA 92243",X:  -115.56864 Y: 32.781487,2.88725802
70,1,2,1500000US060250113002,6,25,11300,2,2,BG,6.53200006,,,70,6025010600.0,"207 W Legion Rd, Brawley, CA 92227",X:  -115.55422 Y: 32.959953,12.94986181
71,2,1,1500000US060250113004,6,25,11300,4,4,BG,0.79000002,,,71,6025011700.0,"1415 Ross Ave, El Centro, CA 92243",X:  -115.56864 Y: 32.781487,4.44055781
71,1,2,1500000US060250113004,6,25,11300,4,4,BG,0.79000002,,,71,6025010600.0,"207 W Legion Rd, Brawley, CA 92227",X:  -115.55422 Y: 32.959953,15.88169476
72,2,1,1500000US060250114001,6,25,11400,1,1,BG,0.73799998,,,72,6025011700.0,"1415 Ross Ave, El Centro, CA 92243",X:  -115.56864 Y: 32.781487,1.7681169
72,1,2,1500000US060250114001,6,25,11400,1,1,BG,0.73799998,,,72,6025010600.0,"207 W Legion Rd, Brawley, CA 92227",X:  -115.55422 Y: 32.959953,11.1329891
73,2,1,1500000US060250114003,6,25,11400,3,3,BG,0.61699998,,,73,6025011700.0,"1415 Ross Ave, El Centro, CA 92243",X:  -115.56864 Y: 32.781487,1.67602031
73,1,2,1500000US060250114003,6,25,11400,3,3,BG,0.61699998,,,73,6025010600.0,"207 W Legion Rd, Brawley, CA 92227",X:  -115.55422 Y: 32.959953,11.82803648
74,2,1,1500000US060250115001,6,25,11500,1,1,BG,0.273,,,74,6025011700.0,"1415 Ross Ave, El Centro, CA 92243",X:  -115.56864 Y: 32.781487,1.01476485
74,1,2,1500000US060250115001,6,25,11500,1,1,BG,0.273,,,74,6025010600.0,"207 W Legion Rd, Brawley, CA 92227",X:  -115.55422 Y: 32.959953,11.37030073
75,2,1,1500000US060250115003,6,25,11500,3,3,BG,0.111,,,75,6025011700.0,"1415 Ross Ave, El Centro, CA 92243",X:  -115.56864 Y: 32.781487,1.31727599
75,1,2,1500000US060250115003,6,25,11500,3,3,BG,0.111,,,75,6025010600.0,"207 W Legion Rd, Brawley, CA 92227",X:  -115.55422 Y: 32.959953,11.12907644
76,2,1,1500000US060250115004,6,25,11500,4,4,BG,0.29300001,,,76,6025011700.0,"1415 Ross Ave, El Centro, CA 92243",X:  -115.56864 Y: 32.781487,1.46093793
76,1,2,1500000US060250115004,6,25,11500,4,4,BG,0.29300001,,,76,6025010600.0,"207 W Legion Rd, Brawley, CA 92227",X:  -115.55422 Y: 32.959953,10.87809791
77,2,1,1500000US060250116002,6,25,11600,2,2,BG,0.213,,,77,6025011700.0,"1415 Ross Ave, El Centro, CA 92243",X:  -115.56864 Y: 32.781487,0.8900862
77,1,2,1500000US060250116002,6,25,11600,2,2,BG,0.213,,,77,6025010600.0,"207 W Legion Rd, Brawley, CA 92227",X:  -115.55422 Y: 32.959953,11.69685421
78,2,1,1500000US060250116003,6,25,11600,3,3,BG,0.21799999,,,78,6025011700.0,"1415 Ross Ave, El Centro, CA 92243",X:  -115.56864 Y: 32.781487,0.59137308
78,1,2,1500000US060250116003,6,25,11600,3,3,BG,0.21799999,,,78,6025010600.0,"207 W Legion Rd, Brawley, CA 92227",X:  -115.55422 Y: 32.959953,11.72347996
79,2,1,1500000US060250116004,6,25,11600,4,4,BG,0.19,,,79,6025011700.0,"1415 Ross Ave, El Centro, CA 92243",X:  -115.56864 Y: 32.781487,0.70697685
79,1,2,1500000US060250116004,6,25,11600,4,4,BG,0.19,,,79,6025010600.0,"207 W Legion Rd, Brawley, CA 92227",X:  -115.55422 Y: 32.959953,12.08812775
80,2,1,1500000US060250117002,6,25,11700,2,2,BG,0.255,,,80,6025011700.0,"1415 Ross Ave, El Centro, CA 92243",X:  -115.56864 Y: 32.781487,0.32128623
80,1,2,1500000US060250117002,6,25,11700,2,2,BG,0.255,,,80,6025010600.0,"207 W Legion Rd, Brawley, CA 92227",X:  -115.55422 Y: 32.959953,12.54788147
81,2,1,1500000US060250117003,6,25,11700,3,3,BG,0.20999999,,,81,6025011700.0,"1415 Ross Ave, El Centro, CA 92243",X:  -115.56864 Y: 32.781487,0.68576276
81,1,2,1500000US060250117003,6,25,11700,3,3,BG,0.20999999,,,81,6025010600.0,"207 W Legion Rd, Brawley, CA 92227",X:  -115.55422 Y: 32.959953,12.54166868
82,2,1,1500000US060250118012,6,25,11801,2,2,BG,1.03799999,,,82,6025011700.0,"1415 Ross Ave, El Centro, CA 92243",X:  -115.56864 Y: 32.781487,1.29606913
82,1,2,1500000US060250118012,6,25,11801,2,2,BG,1.03799999,,,82,6025010600.0,"207 W Legion Rd, Brawley, CA 92227",X:  -115.55422 Y: 32.959953,12.32431438
83,2,1,1500000US060250118021,6,25,11802,1,1,BG,0.12800001,,,83,6025011700.0,"1415 Ross Ave, El Centro, CA 92243",X:  -115.56864 Y: 32.781487,0.6975161
83,1,2,1500000US060250118021,6,25,11802,1,1,BG,0.12800001,,,83,6025010600.0,"207 W Legion Rd, Brawley, CA 92227",X:  -115.55422 Y: 32.959953,11.80701656
84,2,1,1500000US060250118022,6,25,11802,2,2,BG,0.119,,,84,6025011700.0,"1415 Ross Ave, El Centro, CA 92243",X:  -115.56864 Y: 32.781487,0.50850371
84,1,2,1500000US060250118022,6,25,11802,2,2,BG,0.119,,,84,6025010600.0,"207 W Legion Rd, Brawley, CA 92227",X:  -115.55422 Y: 32.959953,12.7260602
85,2,1,1500000US060250118024,6,25,11802,4,4,BG,0.147,,,85,6025011700.0,"1415 Ross Ave, El Centro, CA 92243",X:  -115.56864 Y: 32.781487,0.34295023
85,1,2,1500000US060250118024,6,25,11802,4,4,BG,0.147,,,85,6025010600.0,"207 W Legion Rd, Brawley, CA 92227",X:  -115.55422 Y: 32.959953,12.46776247
86,2,1,1500000US060250118031,6,25,11803,1,1,BG,4.8119998,,,86,6025011700.0,"1415 Ross Ave, El Centro, CA 92243",X:  -115.56864 Y: 32.781487,1.28093297
86,1,2,1500000US060250118031,6,25,11803,1,1,BG,4.8119998,,,86,6025010600.0,"207 W Legion Rd, Brawley, CA 92227",X:  -115.55422 Y: 32.959953,13.56852622
87,2,1,1500000US060250119001,6,25,11900,1,1,BG,43.16199875,,,87,6025011700.0,"1415 Ross Ave, El Centro, CA 92243",X:  -115.56864 Y: 32.781487,6.30211678
87,1,2,1500000US060250119001,6,25,11900,1,1,BG,43.16199875,,,87,6025010600.0,"207 W Legion Rd, Brawley, CA 92227",X:  -115.55422 Y: 32.959953,18.5544758
88,2,1,1500000US060250119002,6,25,11900,2,2,BG,31.23399925,,,88,6025011700.0,"1415 Ross Ave, El Centro, CA 92243",X:  -115.56864 Y: 32.781487,12.62652504
88,1,2,1500000US060250119002,6,25,11900,2,2,BG,31.23399925,,,88,6025010600.0,"207 W Legion Rd, Brawley, CA 92227",X:  -115.55422 Y: 32.959953,20.82768716
89,2,1,1500000US060250119003,6,25,11900,3,3,BG,12.4289999,,,89,6025011700.0,"1415 Ross Ave, El Centro, CA 92243",X:  -115.56864 Y: 32.781487,7.92343897
89,1,2,1500000US060250119003,6,25,11900,3,3,BG,12.4289999,,,89,6025010600.0,"207 W Legion Rd, Brawley, CA 92227",X:  -115.55422 Y: 32.959953,17.8654902
90,2,1,1500000US060250120021,6,25,12002,1,1,BG,1.36800003,,,90,6025011700.0,"1415 Ross Ave, El Centro, CA 92243",X:  -115.56864 Y: 32.781487,9.09248131
90,1,2,1500000US060250120021,6,25,12002,1,1,BG,1.36800003,,,90,6025010600.0,"207 W Legion Rd, Brawley, CA 92227",X:  -115.55422 Y: 32.959953,20.10224681
91,2,1,1500000US060250120022,6,25,12002,2,2,BG,0.52600002,,,91,6025011700.0,"1415 Ross Ave, El Centro, CA 92243",X:  -115.56864 Y: 32.781487,8.39299131
91,1,2,1500000US060250120022,6,25,12002,2,2,BG,0.52600002,,,91,6025010600.0,"207 W Legion Rd, Brawley, CA 92227",X:  -115.55422 Y: 32.959953,19.48809451
92,2,1,1500000US060250121001,6,25,12100,1,1,BG,0.146,,,92,6025011700.0,"1415 Ross Ave, El Centro, CA 92243",X:  -115.56864 Y: 32.781487,8.23515545
92,1,2,1500000US060250121001,6,25,12100,1,1,BG,0.146,,,92,6025010600.0,"207 W Legion Rd, Brawley, CA 92227",X:  -115.55422 Y: 32.959953,19.67756934
93,2,1,1500000US060250121003,6,25,12100,3,3,BG,0.25999999,,,93,6025011700.0,"1415 Ross Ave, El Centro, CA 92243",X:  -115.56864 Y: 32.781487,8.84267637
93,1,2,1500000US060250121003,6,25,12100,3,3,BG,0.25999999,,,93,6025010600.0,"207 W Legion Rd, Brawley, CA 92227",X:  -115.55422 Y: 32.959953,20.31516992
94,2,1,1500000US060250113001,6,25,11300,1,1,BG,42.16699982,,,94,6025011700.0,"1415 Ross Ave, El Centro, CA 92243",X:  -115.56864 Y: 32.781487,5.64268319
94,1,2,1500000US060250113001,6,25,11300,1,1,BG,42.16699982,,,94,6025010600.0,"207 W Legion Rd, Brawley, CA 92227",X:  -115.55422 Y: 32.959953,12.9345882
95,2,1,1500000US060250112021,6,25,11202,1,1,BG,0.24699999,,,95,6025011700.0,"1415 Ross Ave, El Centro, CA 92243",X:  -115.56864 Y: 32.781487,1.07662588
95,1,2,1500000US060250112021,6,25,11202,1,1,BG,0.24699999,,,95,6025010600.0,"207 W Legion Rd, Brawley, CA 92227",X:  -115.55422 Y: 32.959953,11.30703924
96,2,1,1500000US060250112022,6,25,11202,2,2,BG,0.25999999,,,96,6025011700.0,"1415 Ross Ave, El Centro, CA 92243",X:  -115.56864 Y: 32.781487,1.80895215
96,1,2,1500000US060250112022,6,25,11202,2,2,BG,0.25999999,,,96,6025010600.0,"207 W Legion Rd, Brawley, CA 92227",X:  -115.55422 Y: 32.959953,10.55633017
